scientific_name,datetime,description,place_guess,latitude,longitude,tag_list,common_name,url,image_url,user_login,id,species_guess,iconic_taxon_name,taxon_id,num_identification_agreements,num_identification_disagreements,observed_on_string,observed_on,time_observed_at,time_zone,positional_accuracy,public_positional_accuracy,geoprivacy,taxon_geoprivacy,coordinates_obscured,positioning_method,positioning_device,user_id,user_name,created_at,updated_at,quality_grade,license,sound_url,oauth_application_id,captive_cultivated
Cyrtandra burbidgei,2013-08-13 00:31:32 -0700,"flower, Mount Kinabalu National Park, Sabah, Borneo, Malaysia","Sabah, Malaysia",6.0101,116.541908,"",,http://www.inaturalist.org/observations/466410,https://static.inaturalist.org/photos/588281/medium.jpg,damontighe,466410,Cyrtandra,Plantae,1238994,1,0,2013-08-13 00:31:32,2013-08-13,2013-08-13 07:31:32 UTC,Pacific Time (US & Canada),,,,,false,,"",3494,Damon Tighe,2013-11-24 07:19:08 UTC,2021-05-09 17:22:11 UTC,needs_id,CC-BY-NC,,,false
Cyrtandra,2006-02-23 00:00:00 +0000,"","FRIM, Kepong, Malaysia",3.2356754755,101.6312213249,"",,https://www.inaturalist.org/observations/9528480,https://static.inaturalist.org/photos/12993012/medium.jpg,tiggrx,9528480,Cyrtandra,Plantae,157063,1,0,2006/02/23,2006-02-23,,UTC,1184,1184,,,false,,,160,Tig,2018-01-19 15:29:58 UTC,2020-01-27 17:34:50 UTC,needs_id,,,,false
Cyrtandra,2015-10-17 18:43:00 +0200,"","Pahang, Malesia",3.306923104,101.8588854518,bit.ly/borneowalkabout,,https://www.inaturalist.org/observations/10232946,https://static.inaturalist.org/photos/14147066/medium.jpg,marco_plebani,10232946,flowering plants,Plantae,157063,1,0,2015/10/17 6:43 PM +0200,2015-10-17,2015-10-17 16:43:00 UTC,Rome,30361,30361,,,false,,,210404,Marco Plebani,2018-03-14 16:46:23 UTC,2021-12-30 09:22:26 UTC,needs_id,CC-BY,,,false
Cyrtandra clarkei,2018-05-02 05:20:00 +0100,,"Kinabalu Park, Ranau, Sabah, Malaysia",6.0516249292,116.5567017174,"",,https://www.inaturalist.org/observations/12189065,https://inaturalist-open-data.s3.amazonaws.com/photos/17505224/medium.jpeg,shawnodonnell,12189065,Cyrtandra clarkei,Plantae,708339,1,0,2018/05/02 5:20 AM BST,2018-05-02,2018-05-02 04:20:00 UTC,Europe/London,2540,2540,,,false,,,399851,Shawn O'Donnell,2018-05-06 09:04:22 UTC,2020-09-03 16:09:29 UTC,research,CC0,,,false
Cyrtandra clarkei,2018-05-02 05:50:00 +0100,,"Kinabalu Park, Ranau, Sabah, Malaysia",6.0516249292,116.5567017174,"",,https://www.inaturalist.org/observations/12189076,https://inaturalist-open-data.s3.amazonaws.com/photos/17505314/medium.jpeg,shawnodonnell,12189076,Cyrtandra clarkei,Plantae,708339,1,0,2018/05/02 5:50 AM BST,2018-05-02,2018-05-02 04:50:00 UTC,Europe/London,2540,2540,,,false,,,399851,Shawn O'Donnell,2018-05-06 09:04:29 UTC,2020-09-03 16:09:26 UTC,research,CC0,,,false
Cyrtandra,2018-05-05 02:01:00 +0100,,"Kinabalu Park, Ranau, Sabah, Malaysia",6.0077947347,116.5459299088,"",,https://www.inaturalist.org/observations/12190336,https://inaturalist-open-data.s3.amazonaws.com/photos/17507230/medium.jpeg,shawnodonnell,12190336,Cyrtandra,Plantae,157063,0,0,2018/05/05 2:01 AM BST,2018-05-05,2018-05-05 01:01:00 UTC,Europe/London,280,280,,,false,,,399851,Shawn O'Donnell,2018-05-06 10:56:33 UTC,2023-02-03 12:20:13 UTC,needs_id,CC0,,,false
Cyrtandra clarkei,2018-08-02 10:42:00 +0900,,"Kinabalu Park, Ranau, Sabah, Malaysia",6.0589373739,116.5665004001,"malaysia, sabah, kinabalu, 2018",,https://www.inaturalist.org/observations/15439656,https://inaturalist-open-data.s3.amazonaws.com/photos/23157165/medium.jpeg,lhurteau,15439656,Cyrtandra clarkei,Plantae,708339,2,0,2018/08/02 10:42 AM KST,2018-08-02,2018-08-02 01:42:00 UTC,Seoul,948,948,,,false,,,524305,Leslie Hurteau,2018-08-15 03:38:31 UTC,2025-08-28 08:06:46 UTC,research,CC-BY-NC,,,false
Cyrtandra,2017-08-25 07:46:00 +0800,"Looks like Rhododendron but it is from the Cyrtandra genus. Growing in a montane rainforest at 1600m a.s.l.

","Kinabalu, MY-SA-RA, MY-SA, MY",6.008748,116.542537,"",,https://www.inaturalist.org/observations/26491506,https://inaturalist-open-data.s3.amazonaws.com/photos/41141209/medium.jpeg,chunxingwong,26491506,gesneria family,Plantae,157063,0,0,2017/08/25 7:46 AM +08,2017-08-25,2017-08-24 23:46:00 UTC,Singapore,529,529,,,false,,,7570,Chun Xing Wong,2019-06-06 13:28:40 UTC,2023-02-03 12:25:46 UTC,needs_id,CC-BY-NC,,,false
Cyrtandra,2019-08-01 11:36:00 -1000,,"Kota Belud, Sabah, Malaysia",6.3170674268,116.3963125643,"",,https://www.inaturalist.org/observations/30773899,https://static.inaturalist.org/photos/48096869/medium.jpeg,a1virginia,30773899,Cyrtandra,Plantae,157063,1,0,2019/08/01 11:36 AM HST,2019-08-01,2019-08-01 21:36:00 UTC,Hawaii,3906,3906,,,false,,,572477,Virginia,2019-08-13 21:09:44 UTC,2024-03-06 00:55:41 UTC,needs_id,,,,false
Cyrtandra,2015-06-08 04:35:00 -1000,,"Kinabalu Park, Ranau, Sabah, Malaysia",6.0266822075,116.5435883224,"",,https://www.inaturalist.org/observations/31012290,https://inaturalist-open-data.s3.amazonaws.com/photos/48488449/medium.jpeg,ryansteiner,31012290,Cyrtandra,Plantae,157063,1,0,2015/06/08 4:35 AM HST,2015-06-08,2015-06-08 14:35:00 UTC,Hawaii,31,31,,,false,,,29041,Ryan Steiner,2019-08-17 20:34:13 UTC,2020-02-04 10:42:12 UTC,needs_id,CC-BY-NC,,,false
Cyrtandra,2019-09-15 11:00:00 +0800,P1100650.JPG,"Tawau, Sabah, Malaysia",4.4020361111,117.8894583333,"",,https://www.inaturalist.org/observations/33000684,https://inaturalist-open-data.s3.amazonaws.com/photos/51797995/medium.jpeg,pfaucher,33000684,"mints, plantains, olives, and allies",Plantae,157063,1,0,2019/09/15 11:00 AM EDT,2019-09-15,2019-09-15 03:00:00 UTC,Kuala Lumpur,,,,,false,,"",229868,"",2019-09-19 10:56:11 UTC,2021-12-06 20:46:38 UTC,needs_id,CC-BY-NC,,,false
Cyrtandra,2019-10-27 11:36:20 UTC,,"Lahad Datu District, Sabah, Malaysia",4.9697531465,117.6741602272,"",,https://www.inaturalist.org/observations/35205060,https://inaturalist-open-data.s3.amazonaws.com/photos/55488479/medium.jpg,needhikt,35205060,Cyrtandra,Plantae,157063,1,0,2019-10-27 11:36:20 AM GMT,2019-10-27,2019-10-27 11:36:20 UTC,UTC,22308,22308,,,false,gps,gps,2271351,Needhi K. Thangasamy,2019-11-02 17:57:04 UTC,2019-11-02 21:35:09 UTC,needs_id,CC-BY-NC,,2,false
Cyrtandra calciphila,2019-11-23 12:37:00 +0800,"","Bahagian Miri, Sarawak, Malaysia",4.06504,114.8321883333,"Borneo, East Malaysia, Gesneriaceae, Magnoliopsida, Malaysia, Sarawak, Southeast Asia, Violales, cave, flora, limestone, plant, tropical",,https://www.inaturalist.org/observations/36634267,https://static.inaturalist.org/photos/57933348/medium.jpg,cclborneo,36634267,Cyrtandra calciphila,Plantae,1487701,2,0,2019/11/23 12:37 PM +0800,2019-11-23,2019-11-23 04:37:00 UTC,Kuala Lumpur,,,,,false,,,1829749,Chien Lee,2019-12-14 03:24:47 UTC,2023-08-06 14:49:12 UTC,research,,,,false
Cyrtandra,2018-09-12 12:48:00 +0800,,"Sarawak, Malaysia",4.09207,114.8958021,"",,https://www.inaturalist.org/observations/36747438,https://inaturalist-open-data.s3.amazonaws.com/photos/58138341/medium.jpeg,pizzamurderer,36747438,gesneria family,Plantae,157063,1,0,2018/09/12 12:48 PM +0800,2018-09-12,2018-09-12 04:48:00 UTC,Singapore,25123,25123,,,false,,,1215824,Pizzas fear me,2019-12-18 07:48:38 UTC,2021-04-06 16:24:59 UTC,needs_id,CC-BY-NC,,,false
Cyrtandra,2007-08-18 14:15:00 +0800,Cyrtandra cupulata (Covered Sausage Berry)?,"Kota Damansara, Petaling Jaya, Selangor, Malaysia",3.1672490956,101.5825542945,"",,https://www.inaturalist.org/observations/37676574,https://inaturalist-open-data.s3.amazonaws.com/photos/59778202/medium.jpg,johnhowes,37676574,Cyrtandra,Plantae,157063,0,0,2007/08/18 2:15 PM +0800,2007-08-18,2007-08-18 06:15:00 UTC,Kuala Lumpur,31,31,,,false,,,1043349,John Howes,2020-01-17 10:04:23 UTC,2024-08-23 16:41:03 UTC,needs_id,CC-BY,,,false
Cyrtandra,2007-08-18 14:15:00 +0800,Cyrtandra cupulata (Covered Sausage Berry)?,"Kota Damansara, Petaling Jaya, Selangor, Malaysia",3.1672490956,101.5825542945,"",,https://www.inaturalist.org/observations/37676575,https://inaturalist-open-data.s3.amazonaws.com/photos/59778203/medium.jpg,johnhowes,37676575,Cyrtandra,Plantae,157063,0,0,2007/08/18 2:15 PM +0800,2007-08-18,2007-08-18 06:15:00 UTC,Kuala Lumpur,31,31,,,false,,,1043349,John Howes,2020-01-17 10:04:23 UTC,2024-08-23 16:41:03 UTC,needs_id,CC-BY,,,false
Cyrtandra,2007-08-18 14:27:00 +0800,Cyrtandra cupulata (Covered Sausage Berry)?,"Kota Damansara, Petaling Jaya, Selangor, Malaysia",3.1672490956,101.5825542945,"",,https://www.inaturalist.org/observations/37676584,https://inaturalist-open-data.s3.amazonaws.com/photos/59778214/medium.jpg,johnhowes,37676584,Cyrtandra,Plantae,157063,0,0,2007/08/18 2:27 PM +0800,2007-08-18,2007-08-18 06:27:00 UTC,Kuala Lumpur,31,31,,,false,,,1043349,John Howes,2020-01-17 10:04:32 UTC,2024-08-23 16:41:03 UTC,needs_id,CC-BY,,,false
Cyrtandra,2012-02-04 11:58:00 -0500,,"Kinabalu, MY-SA-RA, MY-SA, MY",6.0457043158,116.7007158779,"",,https://www.inaturalist.org/observations/37950417,https://inaturalist-open-data.s3.amazonaws.com/photos/60241458/medium.jpeg,ryruther,37950417,dicots,Plantae,157063,1,0,2012/02/04 11:58 AM EST,2012-02-04,2012-02-04 16:58:00 UTC,Eastern Time (US & Canada),1,1,,,false,,,38771,Ryne Rutherford,2020-01-25 16:51:10 UTC,2020-01-27 02:52:34 UTC,needs_id,CC-BY-NC,,,false
Cyrtandra,2019-10-15 22:56:00 +0800,,馬來西亞砂拉越美里省,4.0406346742,114.8157347078,"",,https://www.inaturalist.org/observations/38290876,https://inaturalist-open-data.s3.amazonaws.com/photos/60834358/medium.jpg,kinmatsu,38290876,漿果苣苔屬,Plantae,157063,2,0,2019/10/15 10:56 PM CST,2019-10-15,2019-10-15 14:56:00 UTC,Taipei,,,,,false,,,386262,Kinmatsu Lin,2020-02-04 10:32:53 UTC,2025-09-29 12:56:15 UTC,needs_id,CC-BY-NC,,,false
Cyrtandra,2016-09-18 12:39:00 +0800,cof,"Kinabalu Park, Ranau, Sabah, 马来西亚",6.0147466658,116.53540802,"",,https://www.inaturalist.org/observations/39701632,https://static.inaturalist.org/photos/63013452/medium.jpg,qin_huang,39701632,Cyrtandra,Plantae,157063,2,0,2016/09/18 12:39 PM CST,2016-09-18,2016-09-18 04:39:00 UTC,Beijing,,,,,false,,,1023164,HUANG QIN,2020-03-08 15:14:56 UTC,2023-03-02 19:45:53 UTC,needs_id,CC-BY,,,false
Cyrtandra,2014-06-21 23:42:00 -0400,,"Malaysia--Sabah-Mount Kinabalu National Park, Power Plant Rd.",6.0237940209,116.543315033,"",,https://www.inaturalist.org/observations/41107369,https://inaturalist-open-data.s3.amazonaws.com/photos/65178867/medium.jpeg,wjcrins,41107369,Cyrtandra,Plantae,157063,1,0,2014/06/21 11:42 PM EDT,2014-06-21,2014-06-22 03:42:00 UTC,Eastern Time (US & Canada),31,31,,,false,,,1106722,Bill Crins,2020-03-31 15:25:21 UTC,2020-04-11 20:54:00 UTC,needs_id,CC-BY-NC,,,false
Cyrtandra,2020-03-08 06:00:37 +0200,,"Kuching, Sarawak, MY",1.58731667,110.194375,"",,https://www.inaturalist.org/observations/41430019,https://inaturalist-open-data.s3.amazonaws.com/photos/65725458/medium.jpg,tinusoberholzer,41430019,Cyrtandra,Plantae,157063,2,0,Sun Mar 08 2020 06:00:37 GMT+0200 (GMT+2),2020-03-08,2020-03-08 04:00:37 UTC,Africa/Johannesburg,4,4,,,false,,,2715471,Tinus Oberholzer,2020-04-05 09:48:05 UTC,2020-04-05 17:45:11 UTC,needs_id,CC-BY-NC,,3,false
Cyrtandra,2020-03-08 05:37:58 +0200,,"Kuching, Sarawak, MY",1.58965333,110.195205,"",,https://www.inaturalist.org/observations/41430480,https://inaturalist-open-data.s3.amazonaws.com/photos/65726290/medium.jpg,tinusoberholzer,41430480,Cyrtandra,Plantae,157063,3,0,Sun Mar 08 2020 05:37:58 GMT+0200 (GMT+2),2020-03-08,2020-03-08 03:37:58 UTC,Pretoria,18,18,,,false,,,2715471,Tinus Oberholzer,2020-04-05 10:00:21 UTC,2023-02-04 08:59:15 UTC,needs_id,CC-BY-NC,,3,false
Cyrtandra,2020-03-08 05:33:41 +0200,,"Kuching, Sarawak, MY",1.58995333,110.19500833,"",,https://www.inaturalist.org/observations/41474885,https://inaturalist-open-data.s3.amazonaws.com/photos/65797178/medium.jpg,tinusoberholzer,41474885,Cyrtandra,Plantae,157063,1,0,Sun Mar 08 2020 05:33:41 GMT+0200 (GMT+2),2020-03-08,2020-03-08 03:33:41 UTC,Africa/Johannesburg,23,23,,,false,,,2715471,Tinus Oberholzer,2020-04-05 20:18:01 UTC,2020-04-06 14:05:16 UTC,needs_id,CC-BY-NC,,3,false
Cyrtandra,2020-03-07 07:17:05 +0200,,"Lundu, Lundu, Sarawak, MY",1.60272167,110.18236667,"",,https://www.inaturalist.org/observations/41586158,https://inaturalist-open-data.s3.amazonaws.com/photos/65981151/medium.jpg,nolliecilliers,41586158,Cyrtandra,Plantae,157063,1,0,Sat Mar 07 2020 07:17:05 GMT+0200 (GMT+2),2020-03-07,2020-03-07 05:17:05 UTC,Africa/Johannesburg,36,36,,,false,,,2715172,,2020-04-07 05:33:48 UTC,2020-04-07 16:03:38 UTC,needs_id,CC-BY-NC,,3,false
Cyrtandra,2020-03-07 09:09:06 +0200,,"Lundu, Lundu, Sarawak, MY",1.60153833,110.18138833,"",,https://www.inaturalist.org/observations/41592872,https://inaturalist-open-data.s3.amazonaws.com/photos/65992816/medium.jpg,nolliecilliers,41592872,Cyrtandra,Plantae,157063,1,0,Sat Mar 07 2020 09:09:06 GMT+0200 (GMT+2),2020-03-07,2020-03-07 07:09:06 UTC,Africa/Johannesburg,22,22,,,false,,,2715172,,2020-04-07 10:48:14 UTC,2020-04-07 16:05:03 UTC,needs_id,CC-BY-NC,,3,false
Cyrtandra,2020-03-08 05:38:33 +0200,,"Kuching, Sarawak, MY",1.58969167,110.19522833,"",,https://www.inaturalist.org/observations/41676558,https://inaturalist-open-data.s3.amazonaws.com/photos/66119002/medium.jpg,nolliecilliers,41676558,Cyrtandra,Plantae,157063,0,0,Sun Mar 08 2020 05:38:33 GMT+0200 (GMT+2),2020-03-08,2020-03-08 03:38:33 UTC,Africa/Johannesburg,5,5,,,false,,,2715172,,2020-04-08 11:12:05 UTC,2020-04-08 11:15:45 UTC,needs_id,CC-BY-NC,,3,false
Cyrtandra,2020-03-08 06:01:11 +0200,,"Kuching, Sarawak, MY",1.58731333,110.19432,"",,https://www.inaturalist.org/observations/41676749,https://inaturalist-open-data.s3.amazonaws.com/photos/66119300/medium.jpg,nolliecilliers,41676749,Cyrtandra,Plantae,157063,1,0,Sun Mar 08 2020 06:01:11 GMT+0200 (GMT+2),2020-03-08,2020-03-08 04:01:11 UTC,Africa/Johannesburg,4,4,,,false,,,2715172,,2020-04-08 11:18:46 UTC,2020-04-08 17:30:44 UTC,needs_id,CC-BY-NC,,3,false
Cyrtandra,2020-03-08 06:05:36 +0200,,"Kuching, Sarawak, MY",1.58738667,110.19393,"",,https://www.inaturalist.org/observations/41676933,https://inaturalist-open-data.s3.amazonaws.com/photos/66119582/medium.jpg,nolliecilliers,41676933,,Plantae,157063,0,0,Sun Mar 08 2020 06:05:36 GMT+0200 (GMT+2),2020-03-08,2020-03-08 04:05:36 UTC,Africa/Johannesburg,4,4,,,false,,,2715172,,2020-04-08 11:25:32 UTC,2020-04-08 11:26:28 UTC,needs_id,CC-BY-NC,,3,false
Cyrtandra,2014-06-25 03:53:00 -0400,Mempening Trail,Malaysia--Sabah-Mount Kinabalu National Park trails,6.0162998507,116.5418559384,"",,https://www.inaturalist.org/observations/41690711,https://inaturalist-open-data.s3.amazonaws.com/photos/66137180/medium.jpeg,wjcrins,41690711,Cyrtandra,Plantae,157063,1,0,2014/06/25 3:53 AM EDT,2014-06-25,2014-06-25 07:53:00 UTC,Eastern Time (US & Canada),31,31,,,false,,,1106722,Bill Crins,2020-04-08 16:01:31 UTC,2020-04-10 12:18:06 UTC,needs_id,CC-BY-NC,,,false
Cyrtandra,2013-03-27 10:24:00 +0800,,"Batang Ai, Lubok Antu, Sarawak, Malaysia",1.376285,112.0846916667,"Borneo, East Malaysia, Gesneriaceae, Magnoliopsida, Malaysia, Sarawak, Southeast Asia, Violales, flora, plant, tropical",,https://www.inaturalist.org/observations/49768984,https://static.inaturalist.org/photos/79011843/medium.jpg,cclborneo,49768984,Cyrtandra,Plantae,157063,1,0,2013/03/27 10:24 AM +0800,2013-03-27,2013-03-27 02:24:00 UTC,Kuala Lumpur,,,,,false,,,1829749,Chien Lee,2020-06-15 21:26:17 UTC,2020-07-13 02:45:19 UTC,needs_id,,,,false
Cyrtandra,2005-11-17 10:30:00 +0800,"","Siburan, Sarawak, Malaysia",1.2147681752,110.2787923959,"Borneo, East Malaysia, Gesneriaceae, Magnoliopsida, Malaysia, Sarawak, Southeast Asia, Violales, flora, plant, tropical",,https://www.inaturalist.org/observations/58487067,https://static.inaturalist.org/photos/93381449/medium.jpg,cclborneo,58487067,Cyrtandra,Plantae,157063,0,0,2005/11/17 10:30 AM +0800,2005-11-17,2005-11-17 02:30:00 UTC,Kuala Lumpur,1000,1000,,,false,,,1829749,Chien Lee,2020-09-04 06:57:05 UTC,2020-09-04 06:57:51 UTC,needs_id,,,,false
Cyrtandra,2020-09-27 03:40:52 +0800,,"Taman Tun Dr Ismail, 60000 Kuala Lumpur, Federal Territory of Kuala Lumpur, Malaysia",3.1418979167,101.6308898889,"",,https://www.inaturalist.org/observations/60952364,https://static.inaturalist.org/photos/97493389/medium.jpeg,anaxliyana,60952364,Cyrtandra,Plantae,157063,1,0,2020-09-27 11:40:52 AM GMT+08:00,2020-09-27,2020-09-26 19:40:52 UTC,Perth,,,,,false,gps,gps,1688618,anaxliyana,2020-09-27 12:50:41 UTC,2021-12-13 00:44:02 UTC,needs_id,,,2,false
Cyrtandra,2013-08-21 19:37:00 -0500,"","Kinabalu Park, Ranau, Sabah, Malaysia",6.0474601398,116.5619836395,"",,https://www.inaturalist.org/observations/66491242,https://inaturalist-open-data.s3.amazonaws.com/photos/107198899/medium.jpeg,alex_cicindela_guy,66491242,Cyrtandra,Plantae,157063,1,0,2013/08/21 7:37 PM CDT,2013-08-21,2013-08-22 00:37:00 UTC,Central Time (US & Canada),1053,1053,,,false,,,579740,"Alexander Harman, Ph. D.",2020-12-12 23:53:00 UTC,2020-12-15 14:16:52 UTC,needs_id,CC-BY-NC,,,false
Cyrtandra,2021-04-18 10:31:00 +0800,"","Tanjung Bungah, Penang, Malaysia",5.465118,100.2822098,"Cyrtandra, Malaysia, Penang, Gesneriaceae, flowers",,https://www.inaturalist.org/observations/79766133,https://inaturalist-open-data.s3.amazonaws.com/photos/130677122/medium.jpeg,albertkang,79766133,Cyrtandra,Plantae,157063,1,0,2021/04/18 10:31 AM +0800,2021-04-18,2021-04-18 02:31:00 UTC,Kuala Lumpur,8314,8314,,,false,,,139644,Albert Kang,2021-05-22 12:37:07 UTC,2022-02-04 20:09:09 UTC,needs_id,CC-BY-NC,,,false
Cyrtandra,2017-08-04 11:13:00 +0200,,"Kinabalu Park, Ranau, Sabah, Malasia",6.0098572982,116.5424958832,"",,https://www.inaturalist.org/observations/83486932,https://inaturalist-open-data.s3.amazonaws.com/photos/137119758/medium.jpg,macasado,83486932,"Magnolias, margaritas y parientes (dicotiledóneas)",Plantae,157063,0,0,2017/08/04 11:13 AM CEST,2017-08-04,2017-08-04 09:13:00 UTC,Paris,31,31,,,false,,,4303576,Miguel A. Casado,2021-06-18 09:37:08 UTC,2023-02-03 12:52:54 UTC,needs_id,CC-BY-NC,,,false
Cyrtandra burbidgei,2017-08-04 12:23:00 +0200,,"Kinabalu Park, Ranau, Sabah, Malasia",6.0162511335,116.5370090577,"",,https://www.inaturalist.org/observations/83486945,https://inaturalist-open-data.s3.amazonaws.com/photos/137119889/medium.jpg,macasado,83486945,Cyrtandra burbidgei,Plantae,1238994,1,0,2017/08/04 12:23 PM CEST,2017-08-04,2017-08-04 10:23:00 UTC,Paris,61,61,,,false,,,4303576,Miguel A. Casado,2021-06-18 09:37:12 UTC,2021-06-19 02:17:55 UTC,needs_id,CC-BY-NC,,,false
Cyrtandra,2009-09-18 17:25:00 +0800,,"90000 Kinabatangan, Sabah, Malaysia",5.4137278,118.0376297,"",,https://www.inaturalist.org/observations/92644908,https://inaturalist-open-data.s3.amazonaws.com/photos/153431457/medium.jpg,budak,92644908,Cyrtandra,Plantae,157063,1,0,2009/09/18 5:25 PM +08,2009-09-18,2009-09-18 09:25:00 UTC,Singapore,211,211,,,false,,,45181,budak,2021-08-27 05:38:40 UTC,2021-09-13 16:14:19 UTC,needs_id,CC-BY-NC,,,false
Cyrtandra,2010-08-01 10:41:00 +1000,"","Kinabalu Park, Ranau, Sabah, Malaysia",6.0536007892,116.5653519325,"",,https://www.inaturalist.org/observations/95131955,https://inaturalist-open-data.s3.amazonaws.com/photos/157895829/medium.jpg,elusiveorchids,95131955,Cyrtandra,Plantae,157063,1,0,2010/08/01 10:41 AM AEST,2010-08-01,2010-08-01 00:41:00 UTC,Hobart,61,61,,,false,,,150795,Keith Martin-Smith,2021-09-17 11:25:47 UTC,2023-09-19 08:51:16 UTC,needs_id,CC-BY,,,false
Cyrtandra,2013-08-06 06:26:00 -0400,,"Kota Belud, Sabah, Malaysia",6.2138338111,116.5831644662,"",,https://www.inaturalist.org/observations/101506872,https://inaturalist-open-data.s3.amazonaws.com/photos/169532808/medium.jpeg,juliakmil,101506872,Cyrtandra,Plantae,157063,1,0,2013/08/06 6:26 AM EDT,2013-08-06,2013-08-06 10:26:00 UTC,Eastern Time (US & Canada),7423,7423,,,false,,,1075594,Julia,2021-11-20 02:58:54 UTC,2021-12-09 16:52:27 UTC,needs_id,CC-BY-NC,,,false
Cyrtandra radiciflora,2013-08-15 23:04:00 -0400,,"Bahagian Miri, Sarawak, Malaysia",4.1172184667,114.8810348384,"",,https://www.inaturalist.org/observations/102634777,https://inaturalist-open-data.s3.amazonaws.com/photos/171611228/medium.jpeg,juliakmil,102634777,Cyrtandra radiciflora,Plantae,924073,1,0,2013/08/15 11:04 PM EDT,2013-08-15,2013-08-16 03:04:00 UTC,Eastern Time (US & Canada),1635,1635,,,false,,,1075594,Julia,2021-12-07 00:34:12 UTC,2025-04-03 18:08:38 UTC,research,CC-BY-NC,,,false
Cyrtandra subgrandis,2013-08-18 21:06:00 -0400,,"Siburan, Sarawak, Malaysia",1.1337131735,110.2256081161,"",,https://www.inaturalist.org/observations/102638597,https://inaturalist-open-data.s3.amazonaws.com/photos/171617551/medium.jpeg,juliakmil,102638597,Cyrtandra subgrandis,Plantae,1622226,1,0,2013/08/18 9:06 PM EDT,2013-08-18,2013-08-19 01:06:00 UTC,Eastern Time (US & Canada),1817,1817,,,false,,,1075594,Julia,2021-12-07 02:07:01 UTC,2025-05-30 14:48:03 UTC,research,CC-BY-NC,,,false
Cyrtandra,2014-03-11 11:16:00 +0100,"","Gunung Mulu, Bahagian Miri, Sarawak, Malaysia",4.0646725482,114.8549462095,"",,https://www.inaturalist.org/observations/109945983,https://inaturalist-open-data.s3.amazonaws.com/photos/185395486/medium.jpeg,kstenman,109945983,Cyrtandra,Plantae,157063,1,0,2014/03/11 11:16 AM CET,2014-03-11,2014-03-11 10:16:00 UTC,Stockholm,7518,7518,,,false,,,29452,Katarina Stenman,2022-03-30 19:32:55 UTC,2022-03-31 20:25:29 UTC,needs_id,CC-BY-NC,,,false
Cyrtandra,2011-02-27 11:37:00 +0100,,"Danum Valley FC, Lahad Datu, Sabah, Malaysia",4.9647218,117.805104,"",,https://www.inaturalist.org/observations/111004212,https://inaturalist-open-data.s3.amazonaws.com/photos/187332826/medium.jpeg,kstenman,111004212,Cyrtandra,Plantae,157063,1,0,2011/02/27 11:37 AM CET,2011-02-27,2011-02-27 10:37:00 UTC,Stockholm,379,379,,,false,,,29452,Katarina Stenman,2022-04-10 20:18:45 UTC,2022-04-11 01:13:18 UTC,needs_id,CC-BY-NC,,,false
Cyrtandra,2022-07-23 16:48:00 +0800,,"Kinabalu Park, Ranau, Sabah, Malaysia",6.0166403966,116.5382443137,"",,https://www.inaturalist.org/observations/129130254,https://inaturalist-open-data.s3.amazonaws.com/photos/219405721/medium.jpg,gancw1,129130254,Cyrtandra,Plantae,157063,1,0,2022/07/23 4:48 PM,2022-07-23,2022-07-23 08:48:00 UTC,Asia/Kuching,757,757,,,false,,,44170,Cheongweei Gan,2022-08-02 12:56:11 UTC,2022-08-02 13:27:09 UTC,needs_id,CC0,,,false
Cyrtandra,1978-06-21 18:38:00 +0800,,"Bahagian Miri, Sarawak, Malaysia",4.0465016456,114.9197084617,"",,https://www.inaturalist.org/observations/132919392,https://inaturalist-open-data.s3.amazonaws.com/photos/226330467/medium.png,barbaraparris,132919392,Cyrtandra,Plantae,157063,0,0,1978/06/21 6:38 PM,1978-06-21,1978-06-21 10:38:00 UTC,Asia/Kuching,122,122,,,false,,,355160,Barbara Parris,2022-08-30 06:39:27 UTC,2022-08-30 06:39:27 UTC,needs_id,CC-BY-NC,,,false
Cyrtandra,2022-09-12 06:57:14 +0800,"","Borneo, Beluran, Sabah, MY",5.7391132,117.30434715,"",,https://www.inaturalist.org/observations/135577306,https://static.inaturalist.org/photos/231258326/medium.jpg,hazirah2,135577306,Cyrtandra,Plantae,157063,1,0,2022-09-12 06:57:14+08:00,2022-09-12,2022-09-11 22:57:14 UTC,Asia/Kuching,113329,113329,,,false,,,6162719,hazirah shah,2022-09-18 21:00:06 UTC,2024-02-04 18:17:15 UTC,needs_id,,,3,false
Cyrtandra,2022-10-08 11:32:51 +0800,,"68000, Selangor, Malaysia",3.2406861111,101.7725944444,"",,https://www.inaturalist.org/observations/137962960,https://inaturalist-open-data.s3.amazonaws.com/photos/235719279/medium.jpeg,calebcatto,137962960,Cyrtandra,Plantae,157063,0,0,2022-10-08 11:32:51,2022-10-08,2022-10-08 03:32:51 UTC,Kuala Lumpur,,,,,false,gps,gps,1781642,Caleb Catto,2022-10-08 11:48:15 UTC,2022-10-08 11:48:33 UTC,needs_id,CC-BY,,2,false
Cyrtandra,2022-11-07 10:48:38 +0800,"","Ini Ulu Damansara, Kuala Lumpur, KL, MY",3.1551305,101.641495,"",,https://www.inaturalist.org/observations/141353579,https://inaturalist-open-data.s3.amazonaws.com/photos/242140421/medium.jpg,hin001,141353579,"",Plantae,157063,0,0,2022-11-07 10:48:38+08:00,2022-11-07,2022-11-07 02:48:38 UTC,Kuala Lumpur,50,50,,,false,,,3564653,,2022-11-07 08:10:40 UTC,2022-11-07 08:10:51 UTC,needs_id,CC-BY-NC,,3,false
Cyrtandra clarkei,2018-10-26 09:48:00 +0800,,"Kinabalu Park, Ranau, Sabah, Malaysia",6.0425077357,116.5534487037,"",,https://www.inaturalist.org/observations/144828384,https://inaturalist-open-data.s3.amazonaws.com/photos/248658398/medium.jpeg,chinotto_chena,144828384,Cyrtandra clarkei,Plantae,708339,0,0,2018/10/26 9:48 AM,2018-10-26,2018-10-26 01:48:00 UTC,Asia/Kuching,963,963,,,false,,,6387690,"",2022-12-22 02:03:14 UTC,2024-04-08 10:42:51 UTC,needs_id,CC-BY-NC,,,false
Cyrtandra basiflora,2009-04-14 12:36:00 +0800,"IVO Utan Paradise Jungle Camp, Crocker Range National Park (Taman Negara Banjaran Crocker), Keningau District, Sabah, Borneo.","Кенингау, Сабах, Малайзия",5.479659,116.003998,"Borneo, Crocker Range National Park",,https://www.inaturalist.org/observations/145745657,https://static.inaturalist.org/photos/250408314/medium.jpeg,botalex,145745657,Cyrtandra basiflora,Plantae,924028,0,0,2009-04-14 12:36,2009-04-14,2009-04-14 04:36:00 UTC,Asia/Kuching,131,131,,,false,,,41937,Dr. Alexey Yakovlev,2023-01-03 11:05:17 UTC,2023-10-09 17:54:13 UTC,needs_id,CC-BY-NC,,,false
Cyrtandra,2013-10-27 05:14:00 +0800,"","Tambunan, Sabah, Malaysia",5.798712,116.40812,"",,https://www.inaturalist.org/observations/148011741,https://inaturalist-open-data.s3.amazonaws.com/photos/254801625/medium.jpeg,setapion,148011741,Cyrtandra,Plantae,157063,1,0,2013/10/27 5:14 AM,2013-10-27,2013-10-26 21:14:00 UTC,Asia/Kuching,1055,1055,,,false,,,6478199,,2023-02-04 11:48:11 UTC,2023-10-23 03:24:13 UTC,needs_id,CC-BY-NC,,,false
Cyrtandra,2023-02-01 10:54:40 +0800,,"Taman Tun Dr Ismail, 60000 Kuala Lumpur, Federal Territory of Kuala Lumpur, Malaysia",3.1443750833,101.6294631944,"",,https://www.inaturalist.org/observations/148723175,https://static.inaturalist.org/photos/256163440/medium.jpeg,niisa,148723175,Cyrtandra,Plantae,157063,0,0,2023-02-01 10:54:40,2023-02-01,2023-02-01 02:54:40 UTC,Kuala Lumpur,,,,,false,gps,gps,5601197,Niisa Mohd Isa,2023-02-13 23:06:47 UTC,2023-02-13 23:06:52 UTC,needs_id,,,2,false
Cyrtandra,2023-01-22 12:40:02 +0800,"","Borneo, Tawau, Sabah, MY",4.402875,117.89253,"",,https://www.inaturalist.org/observations/149164227,https://inaturalist-open-data.s3.amazonaws.com/photos/256991531/medium.jpg,beschwar,149164227,"",Plantae,157063,0,0,2023-01-22 12:40:02+08:00,2023-01-22,2023-01-22 04:40:02 UTC,Asia/Kuching,7,7,,,false,,,22312,Benjamin Schwartz,2023-02-19 20:21:22 UTC,2023-02-19 20:21:46 UTC,needs_id,CC-BY-NC,,3,false
Cyrtandra,2011-04-06 18:19:00 +0800,"IVO Trus Madi Entomology Camp, Nuluhon Trusmadi Forest Reserve, Keningau District, Sabah, Borneo. Lower montane dipterocarp forest, 950 m.","Кенингау, Сабах, Малайзия",5.4467513098,116.4567014188,"Nuluhon Trusmadi Forest Reserve, Trusmadi, Trus Madi, Borneo",,https://www.inaturalist.org/observations/150311420,https://static.inaturalist.org/photos/259125953/medium.jpeg,botalex,150311420,Cyrtandra,Plantae,157063,0,0,2011/04/06 18:19,2011-04-06,2011-04-06 10:19:00 UTC,Asia/Kuching,31,31,,,false,,,41937,Dr. Alexey Yakovlev,2023-03-05 15:31:29 UTC,2023-10-09 17:54:13 UTC,needs_id,CC-BY-NC,,,false
Cyrtandra,2023-03-30 12:03:35 +0800,,"Kinabalu Park, Ranau, Sabah, Malaysia",6.0353138889,116.5502777778,"",,https://www.inaturalist.org/observations/152873171,https://inaturalist-open-data.s3.amazonaws.com/photos/263956181/medium.jpeg,mylan,152873171,Cyrtandra,Plantae,157063,0,0,2023-03-30 12:03:35,2023-03-30,2023-03-30 04:03:35 UTC,Asia/Kuching,,,,,false,gps,gps,182994,My-Lan Le,2023-03-30 21:56:12 UTC,2024-04-08 13:06:11 UTC,needs_id,CC-BY,,2,false
Cyrtandra,2023-03-31 17:42:11 +0800,"","Borneo, Tawau, Sabah, MY",4.3998116667,117.8897866667,"",,https://www.inaturalist.org/observations/153030533,https://static.inaturalist.org/photos/264255314/medium.jpg,choon_chew,153030533,Cyrtandra,Plantae,157063,1,0,2023-03-31 17:42:11+08:00,2023-03-31,2023-03-31 09:42:11 UTC,Asia/Kuching,200,200,,,false,,,6207300,Choon Chew,2023-04-01 12:05:17 UTC,2023-04-02 01:36:55 UTC,needs_id,,,3,false
Cyrtandra,2023-03-31 07:49:00 +0800,"","Kinabalu Park, Ranau, Sabah, 馬來西亞",6.0158883333,116.5369716667,"",,https://www.inaturalist.org/observations/155428412,https://inaturalist-open-data.s3.amazonaws.com/photos/268666900/medium.jpeg,pseudoshuigeeee,155428412,漿果苣苔屬,Plantae,157063,1,0,2023/03/31 07:49,2023-03-31,2023-03-30 23:49:00 UTC,Asia/Kuching,,,,,false,,,700672,Kuan-Chieh (Chuck) Hung,2023-04-18 04:37:43 UTC,2024-02-04 18:14:26 UTC,needs_id,CC-BY-NC,,,false
Cyrtandra,2023-03-31 10:48:00 +0800,"","Kinabalu, Ranau, Sabah, Malaysia",6.0093383333,116.5409916667,"",,https://www.inaturalist.org/observations/155428984,https://inaturalist-open-data.s3.amazonaws.com/photos/268668759/medium.jpeg,pseudoshuigeeee,155428984,漿果苣苔屬,Plantae,157063,0,0,2023/03/31 10:48,2023-03-31,2023-03-31 02:48:00 UTC,Asia/Kuching,,,,,false,,,700672,Kuan-Chieh (Chuck) Hung,2023-04-18 04:47:17 UTC,2023-04-18 04:47:17 UTC,needs_id,CC-BY-NC,,,false
Cyrtandra,2023-04-01 09:41:00 +0800,"","Kinabalu Park, Ranau, Sabah, 馬來西亞",6.0237678701,116.54435324,"",,https://www.inaturalist.org/observations/155432187,https://inaturalist-open-data.s3.amazonaws.com/photos/268677836/medium.jpeg,pseudoshuigeeee,155432187,漿果苣苔屬,Plantae,157063,1,0,2023/04/01 09:41,2023-04-01,2023-04-01 01:41:00 UTC,Asia/Kuching,,,,,false,,,700672,Kuan-Chieh (Chuck) Hung,2023-04-18 05:32:26 UTC,2025-03-21 00:24:30 UTC,needs_id,CC-BY-NC,,,false
Cyrtandra,2023-03-30 10:41:00 +0800,"https://powo.science.kew.org/taxon/urn:lsid:ipni.org:names:379950-1

https://www.europeana.eu/cs/item/1028/E00631269


GBIF: https://www.gbif.org/species/5588675","road of Digi Telecommunication Tower, Sabah",5.8197944444,116.3423916667,"待添加學名, 沙巴",,https://www.inaturalist.org/observations/156871528,https://inaturalist-open-data.s3.amazonaws.com/photos/271298471/medium.jpeg,pchi45,156871528,維管束植物門,Plantae,157063,1,0,2023/03/30 10:41,2023-03-30,2023-03-30 02:41:00 UTC,Asia/Kuching,4,4,,,false,,,1465242,呂一起(Lu i-chi),2023-04-27 11:46:44 UTC,2024-04-08 11:25:57 UTC,needs_id,CC-BY,,,false
Cyrtandra,2023-03-31 07:49:00 +0800,,"Kinabalu Park, Ranau, Sabah, 馬來西亞",6.0159111111,116.5369194444,沙巴,,https://www.inaturalist.org/observations/157043497,https://inaturalist-open-data.s3.amazonaws.com/photos/271592764/medium.jpeg,pchi45,157043497,漿果苣苔屬,Plantae,157063,0,0,2023/03/31 07:49,2023-03-31,2023-03-30 23:49:00 UTC,Asia/Kuching,5,5,,,false,,,1465242,呂一起(Lu i-chi),2023-04-28 08:40:54 UTC,2023-04-28 08:42:09 UTC,needs_id,CC-BY,,,false
Cyrtandra,2023-04-09 23:47:00 +0800,"","Kinabalu Park, Ranau, Sabah, Malaysia",6.021255,116.5462981,"",,https://www.inaturalist.org/observations/159602590,https://inaturalist-open-data.s3.amazonaws.com/photos/275761590/medium.jpeg,antshrike69,159602590,Cyrtandra,Plantae,157063,1,0,2023/04/09 11:47 PM,2023-04-09,2023-04-09 15:47:00 UTC,Asia/Kuching,6169,6169,,,false,,,1420308,Jonathan Newman,2023-05-04 06:28:27 UTC,2023-09-23 23:07:58 UTC,needs_id,CC-BY-NC,,,false
Cyrtandra,2023-04-07 10:06:00 +0800,,"Keningau, Sabah, Malaysia",5.4439305556,116.4521555556,"",,https://www.inaturalist.org/observations/167488438,https://inaturalist-open-data.s3.amazonaws.com/photos/289851025/medium.jpeg,tiluchi,167488438,Cyrtandra,Plantae,157063,0,0,2023/04/07 10:06 AM,2023-04-07,2023-04-07 02:06:00 UTC,Asia/Kuching,30,30,,,false,,,388564,Forest Botial-Jarvis,2023-06-15 06:28:22 UTC,2023-06-15 06:28:22 UTC,needs_id,CC-BY-NC,,,false
Cyrtandra calciphila,2023-06-20 14:52:51 +0800,"Entrance to Lagang Cave Mulu national park 
","Gunung Mulu National Park, Pusat Mel Miri, Sarawak, MY",4.0516249725,114.826840535,"",,https://www.inaturalist.org/observations/168615844,https://inaturalist-open-data.s3.amazonaws.com/photos/292324754/medium.jpg,simchoonheok,168615844,gesneria family,Plantae,1487701,1,0,2023-06-20 14:52:51+08:00,2023-06-20,2023-06-20 06:52:51 UTC,Asia/Kuching,137,137,,,false,,,2776668,"",2023-06-21 06:28:19 UTC,2024-08-06 08:08:13 UTC,needs_id,CC-BY-NC,,3,false
Cyrtandra,2023-05-24 07:39:00 +0800,,"Paya Maga, Lawas, Sarawak, Malaysia",4.4705083554,115.5269029895,"",,https://www.inaturalist.org/observations/169713337,https://static.inaturalist.org/photos/294257005/medium.jpeg,randrudland,169713337,Cyrtandra,Plantae,157063,0,0,2023/05/24 7:39 AM,2023-05-24,2023-05-23 23:39:00 UTC,Asia/Kuching,2225,2225,,,false,,,1541811,Rand Rudland,2023-06-27 03:30:44 UTC,2023-06-27 03:30:44 UTC,needs_id,CC-BY,,,false
Cyrtandra,2023-04-30 21:19:00 +0800,,马来西亚沙巴淡汶安,5.5342917869,116.4395150579,"",,https://www.inaturalist.org/observations/169906533,https://static.inaturalist.org/photos/294613263/medium.jpg,jueming641,169906533,浆果苣苔属,Plantae,157063,1,0,2023/04/30 21:19,2023-04-30,2023-04-30 13:19:00 UTC,Asia/Kuching,488,488,,,false,,,4842081,决明,2023-06-28 07:21:19 UTC,2024-09-25 12:04:47 UTC,needs_id,,,,false
Cyrtandra,2023-04-08 06:24:00 +0800,,"Kinabalu Park, Ranau, Sabah, Malaysia",6.0160778765,116.5368641029,"",,https://www.inaturalist.org/observations/170796378,https://inaturalist-open-data.s3.amazonaws.com/photos/296278468/medium.jpg,tiluchi,170796378,Cyrtandra,Plantae,157063,0,0,2023/04/08 6:24 AM,2023-04-08,2023-04-07 22:24:00 UTC,Asia/Kuching,15,15,,,false,,,388564,Forest Botial-Jarvis,2023-07-03 06:57:52 UTC,2023-07-31 02:12:50 UTC,needs_id,CC-BY-NC,,,false
Cyrtandra,2023-07-01 09:28:00 +0800,,"Kinabalu Park, Ranau, Sabah, Malaysia",6.03132,116.55026,"",,https://www.inaturalist.org/observations/171246149,https://inaturalist-open-data.s3.amazonaws.com/photos/297122813/medium.jpg,samuel_lee,171246149,Cyrtandra,Plantae,157063,0,0,2023/07/01 9:28 AM,2023-07-01,2023-07-01 01:28:00 UTC,Asia/Kuching,10,10,,,false,,,4022718,Samuel Lee,2023-07-05 18:13:47 UTC,2024-04-29 03:26:24 UTC,needs_id,CC-BY,,,false
Cyrtandra,2023-07-01 10:23:00 +0800,,"Kinabalu Park, Ranau, Sabah, Malaysia",6.03482,116.55019,"",,https://www.inaturalist.org/observations/171327485,https://inaturalist-open-data.s3.amazonaws.com/photos/297278822/medium.jpg,samuel_lee,171327485,Cyrtandra,Plantae,157063,1,0,2023/07/01 10:23 AM,2023-07-01,2023-07-01 02:23:00 UTC,Asia/Kuching,10,10,,,false,,,4022718,Samuel Lee,2023-07-06 04:12:01 UTC,2025-05-01 10:53:38 UTC,needs_id,CC-BY,,,false
Cyrtandra,2023-07-01 11:15:00 +0800,,"Kinabalu Park, Ranau, Sabah, Malaysia",6.03644,116.55024,"",,https://www.inaturalist.org/observations/171340134,https://inaturalist-open-data.s3.amazonaws.com/photos/297294599/medium.jpg,samuel_lee,171340134,Cyrtandra,Plantae,157063,1,0,2023/07/01 11:15 AM,2023-07-01,2023-07-01 03:15:00 UTC,Asia/Kuching,10,10,,,false,,,4022718,Samuel Lee,2023-07-06 07:02:14 UTC,2024-04-08 13:38:43 UTC,needs_id,CC-BY,,,false
Cyrtandra clarkei,2023-07-01 15:07:00 +0800,,"Kinabalu Park, Ranau, Sabah, Malaysia",6.04587,116.56018,"",,https://www.inaturalist.org/observations/171340157,https://inaturalist-open-data.s3.amazonaws.com/photos/297308494/medium.jpg,samuel_lee,171340157,Cyrtandra clarkei,Plantae,708339,1,0,2023/07/01 3:07 PM,2023-07-01,2023-07-01 07:07:00 UTC,Asia/Kuching,10,10,,,false,,,4022718,Samuel Lee,2023-07-06 07:02:20 UTC,2024-10-04 16:15:27 UTC,research,CC-BY,,,false
Cyrtandra,2023-07-02 12:40:22 +0800,,Kinabalu Park,6.021253659,116.5462980419,"",,https://www.inaturalist.org/observations/172832010,https://static.inaturalist.org/photos/300081769/medium.jpeg,keith0202,172832010,Cyrtandra,Plantae,157063,1,0,2023-07-02 12:40:22,2023-07-02,2023-07-02 04:40:22 UTC,Asia/Kuching,6169,6169,,,false,gps,gps,6185152,Keith Ng,2023-07-14 12:50:40 UTC,2023-07-28 17:48:53 UTC,needs_id,,,2,false
Cyrtandra clarkei,2023-07-02 09:41:07 +0800,,Kinabalu Park,6.021253659,116.5462980419,"",,https://www.inaturalist.org/observations/172832854,https://static.inaturalist.org/photos/300083375/medium.jpeg,keith0202,172832854,Cyrtandra clarkei,Plantae,708339,0,0,2023-07-02 09:41:07,2023-07-02,2023-07-02 01:41:07 UTC,Asia/Kuching,6169,6169,,,false,gps,gps,6185152,Keith Ng,2023-07-14 12:58:24 UTC,2023-07-14 12:58:31 UTC,needs_id,,,2,false
Cyrtandra,2023-07-24 09:54:00 +0800,"","Kinabalu, MY-SA-KB, MY-SA, MY",6.0209092869,116.5446627349,"",,https://www.inaturalist.org/observations/176221636,https://inaturalist-open-data.s3.amazonaws.com/photos/306339908/medium.jpeg,pl_stenger,176221636,Cyrtandra,Plantae,157063,1,0,2023/07/24 9:54 AM,2023-07-24,2023-07-24 01:54:00 UTC,Asia/Kuching,122,122,,,false,,,3208595,Pierre-Louis Stenger,2023-08-02 03:43:02 UTC,2023-10-23 00:52:03 UTC,needs_id,CC-BY-NC,,,false
Cyrtandra,2016-09-04 13:11:00 +0800,,"Kinabalu Park, Ranau, Sabah, Malesia",6.0126157325,116.534292333,"",,https://www.inaturalist.org/observations/176406784,https://inaturalist-open-data.s3.amazonaws.com/photos/306690296/medium.jpeg,jacopo_cristoni,176406784,Cyrtandra,Plantae,157063,1,0,2016/09/04 13:11,2016-09-04,2016-09-04 05:11:00 UTC,Asia/Kuching,15,15,,,false,,,159947,Jacopo Cristoni,2023-08-03 09:43:25 UTC,2023-10-23 00:32:11 UTC,needs_id,CC-BY-NC,,,false
Cyrtandra,2023-05-15 22:57:00 +0800,"","Tawau, MY-SA, MY",4.5817406151,117.9434933527,"",,https://www.inaturalist.org/observations/178853991,https://static.inaturalist.org/photos/311285997/medium.jpg,carol_kwok,178853991,漿果苣苔屬,Plantae,157063,0,0,2023/05/15 22:57,2023-05-15,2023-05-15 14:57:00 UTC,Asia/Kuching,12437,31403,obscured,,true,,,716148,Carol Kwok,2023-08-17 16:01:30 UTC,2023-08-17 16:01:30 UTC,needs_id,CC-BY-NC-ND,,,false
Cyrtandra,2023-07-05 14:14:00 +0800,"","Pulau Kapas, Marang, Trengganu, Malaysia",5.21466635,103.2687683,"",,https://www.inaturalist.org/observations/179706664,https://inaturalist-open-data.s3.amazonaws.com/photos/312906489/medium.jpg,jw66,179706664,Cyrtandra,Plantae,157063,0,0,2023/07/05 14:14,2023-07-05,2023-07-05 06:14:00 UTC,Kuala Lumpur,,,,,false,,,7113263,,2023-08-22 17:31:22 UTC,2023-08-22 17:39:02 UTC,needs_id,CC-BY-NC,,,false
Cyrtandra,2023-07-14 12:34:00 +0800,"","Kinabalu, Kota Belud, Sabah, Malaysia",6.02873945,116.5471343833,"",,https://www.inaturalist.org/observations/180410715,https://inaturalist-open-data.s3.amazonaws.com/photos/314256171/medium.jpg,jw66,180410715,Cyrtandra,Plantae,157063,1,0,2023/07/14 12:34,2023-07-14,2023-07-14 04:34:00 UTC,Asia/Kuching,,,,,false,,,7113263,,2023-08-27 09:25:11 UTC,2023-09-23 23:05:44 UTC,needs_id,CC-BY-NC,,,false
Cyrtandra,2023-08-27 15:17:13 +0800,,"Bukit Fraser, 49000 Bukit Fraser, Pahang, Malaysia",3.7179333333,101.7380527778,"",,https://www.inaturalist.org/observations/180601325,https://inaturalist-open-data.s3.amazonaws.com/photos/314623349/medium.jpeg,emskakoon,180601325,Cyrtandra,Plantae,157063,0,0,2023-08-27 15:17:13,2023-08-27,2023-08-27 07:17:13 UTC,Kuala Lumpur,,,,,false,gps,gps,4724286,emskakoon,2023-08-28 11:37:33 UTC,2023-08-28 11:37:43 UTC,needs_id,CC-BY-NC,,2,false
Cyrtandra,2023-05-16 14:15:00 +0800,"","Tawau, MY-SA, MY",4.510476896,117.8732683035,"",,https://www.inaturalist.org/observations/180664509,https://static.inaturalist.org/photos/314737214/medium.jpg,carol_kwok,180664509,漿果苣苔屬,Plantae,157063,0,0,2023/05/16 14:15,2023-05-16,2023-05-16 06:15:00 UTC,Asia/Kuching,1145,31403,obscured,,true,,,716148,Carol Kwok,2023-08-28 19:28:23 UTC,2023-09-08 05:26:21 UTC,needs_id,CC-BY-NC-ND,,,false
Cyrtandra,2023-07-14 12:32:00 +0800,"","Kinabalu, Ranau, Sabah, Malaysia",6.0090641833,116.5451278667,"",,https://www.inaturalist.org/observations/180668925,https://inaturalist-open-data.s3.amazonaws.com/photos/314750491/medium.jpg,jw66,180668925,Cyrtandra,Plantae,157063,1,0,2023/07/14 12:32,2023-07-14,2023-07-14 04:32:00 UTC,Asia/Kuching,,,,,false,,,7113263,,2023-08-28 20:00:35 UTC,2023-09-11 01:24:27 UTC,needs_id,CC-BY-NC,,,false
Cyrtandra,2023-07-14 12:34:00 +0800,"","Kinabalu, Ranau, Sabah, Malaysia",6.0111556,116.54263305,"",,https://www.inaturalist.org/observations/180669284,https://inaturalist-open-data.s3.amazonaws.com/photos/314751057/medium.jpg,jw66,180669284,Cyrtandra,Plantae,157063,1,0,2023/07/14 12:34,2023-07-14,2023-07-14 04:34:00 UTC,Asia/Kuching,,,,,false,,,7113263,,2023-08-28 20:02:24 UTC,2023-09-11 01:24:15 UTC,needs_id,CC-BY-NC,,,false
Cyrtandra,2015-04-09 23:27:00 +0800,,"Mount Kinabalu, Ranau, Sabah, Malaysia",6.0753131,116.5588237,"",,https://www.inaturalist.org/observations/180995081,https://inaturalist-open-data.s3.amazonaws.com/photos/315375814/medium.jpg,jeanne153,180995081,Cyrtandra,Plantae,157063,0,0,2015/04/09 11:27 PM,2015-04-09,2015-04-09 15:27:00 UTC,Asia/Kuching,2157,2157,,,false,,,3940318,Jeanne Benioff,2023-08-31 00:51:58 UTC,2023-08-31 00:51:58 UTC,needs_id,CC-BY-NC,,,false
Cyrtandra,2023-07-29 08:13:14 +0800,"","Taman Kinabalu, Kota Belud, 沙巴, MY",6.0187,116.535775,"",,https://www.inaturalist.org/observations/182467952,https://static.inaturalist.org/photos/318150888/medium.jpg,zui-qi-chen,182467952,"",Plantae,157063,0,0,2023-07-29 08:13:14+08:00,2023-07-29,2023-07-29 00:13:14 UTC,Asia/Kuching,2721,2721,,,false,,,1066666,陳睿騏,2023-09-09 14:25:51 UTC,2023-09-09 14:25:59 UTC,needs_id,,,3,false
Cyrtandra,2023-05-17 11:21:00 +0800,"","Tawau, MY-SA, MY",4.4259278285,117.8012259001,"",,https://www.inaturalist.org/observations/182647025,https://static.inaturalist.org/photos/318482790/medium.jpg,carol_kwok,182647025,漿果苣苔屬,Plantae,157063,0,0,2023/05/17 11:21,2023-05-17,2023-05-17 03:21:00 UTC,Asia/Kuching,17212,31403,obscured,,true,,,716148,Carol Kwok,2023-09-10 15:30:13 UTC,2023-09-10 15:30:13 UTC,needs_id,CC-BY-NC-ND,,,false
Cyrtandra,2023-10-19 09:09:00 +0800,,"Kinabalu Park, Ranau, Sabah, 馬來西亞",6.0113888889,116.5401,"",,https://www.inaturalist.org/observations/188150760,https://inaturalist-open-data.s3.amazonaws.com/photos/329217036/medium.jpeg,mengyingtsai,188150760,漿果苣苔屬,Plantae,157063,0,0,2023/10/19 09:09,2023-10-19,2023-10-19 01:09:00 UTC,Asia/Kuching,3,3,,,false,,,1084856,Meng-Ying Tsai,2023-10-19 15:50:13 UTC,2024-04-08 10:41:22 UTC,needs_id,CC0,,,false
Cyrtandra,2023-10-19 09:09:00 +0800,,"Kinabalu Park, Ranau, Sabah, 馬來西亞",6.0113888889,116.5401,"",,https://www.inaturalist.org/observations/188190705,https://inaturalist-open-data.s3.amazonaws.com/photos/329297138/medium.jpeg,mengyingtsai,188190705,漿果苣苔屬,Plantae,157063,1,0,2023/10/19 09:09,2023-10-19,2023-10-19 01:09:00 UTC,Asia/Kuching,3,3,,,false,,,1084856,Meng-Ying Tsai,2023-10-19 21:35:25 UTC,2025-01-07 22:47:59 UTC,needs_id,CC0,,,false
Cyrtandra,2023-10-19 09:09:00 +0800,,"Kinabalu Park, Ranau, Sabah, 馬來西亞",6.0113888889,116.5401,"",,https://www.inaturalist.org/observations/188190706,https://inaturalist-open-data.s3.amazonaws.com/photos/329297207/medium.jpeg,mengyingtsai,188190706,漿果苣苔屬,Plantae,157063,1,0,2023/10/19 09:09,2023-10-19,2023-10-19 01:09:00 UTC,Asia/Kuching,3,3,,,false,,,1084856,Meng-Ying Tsai,2023-10-19 21:35:25 UTC,2025-03-21 00:07:20 UTC,needs_id,CC0,,,false
Cyrtandra,2023-10-27 13:45:28 +0800,"","Kinabalu National Park, Ranau, Sabah, MY",6.0041666667,116.54477,"",,https://www.inaturalist.org/observations/189112802,https://inaturalist-open-data.s3.amazonaws.com/photos/331192233/medium.jpg,step_usnea,189112802,"",Plantae,157063,0,0,2023-10-27 13:45:28+08:00,2023-10-27,2023-10-27 05:45:28 UTC,Asia/Kuching,3,3,,,false,,,5115750,Miko Nadel,2023-10-27 13:21:55 UTC,2024-04-08 13:01:23 UTC,needs_id,CC-BY-NC,,3,false
Cyrtandra,2023-07-19 21:29:00 +0800,,"Kinabalu Park, Ranau, Sabah, 马来西亚",6.0168164351,116.5559111307,"",,https://www.inaturalist.org/observations/191176426,https://inaturalist-open-data.s3.amazonaws.com/photos/335315745/medium.jpg,hanchongchong,191176426,浆果苣苔属,Plantae,157063,1,0,2023/07/19 21:29,2023-07-19,2023-07-19 13:29:00 UTC,Asia/Kuching,2976,2976,,,false,,,5248587,虫虫,2023-11-16 13:42:49 UTC,2023-11-16 16:00:07 UTC,needs_id,CC-BY-NC,,,false
Cyrtandra clarkei,2023-10-24 14:15:00 +0800,"","Kinabalu Park, Ranau, Sabah, Malaysia",6.04936,116.5634516667,"",,https://www.inaturalist.org/observations/191247594,https://static.inaturalist.org/photos/335458262/medium.jpg,cclborneo,191247594,Cyrtandra clarkei,Plantae,708339,0,0,2023/10/24 2:15 PM,2023-10-24,2023-10-24 06:15:00 UTC,Asia/Kuching,,,,,false,,,1829749,Chien Lee,2023-11-17 06:28:18 UTC,2023-11-17 06:28:18 UTC,needs_id,,,,false
Cyrtandra clarkei,2023-03-29 12:49:23 +0800,,"Location: 6.047267, 116.561144",6.047266965,116.5611440688,"",,https://www.inaturalist.org/observations/194707547,https://inaturalist-open-data.s3.amazonaws.com/photos/342328529/medium.jpeg,mylan,194707547,Cyrtandra clarkei,Plantae,708339,1,0,2023-03-29 12:49:23,2023-03-29,2023-03-29 04:49:23 UTC,Asia/Kuching,6,6,,,false,gps,gps,182994,My-Lan Le,2023-12-24 03:09:43 UTC,2023-12-25 03:48:06 UTC,needs_id,CC-BY,,2,false
Cyrtandra clarkei,2023-03-29 12:48:20 +0800,,"Location: 6.047292, 116.561222",6.0472919707,116.5612218529,"",,https://www.inaturalist.org/observations/194707624,https://inaturalist-open-data.s3.amazonaws.com/photos/342328737/medium.jpeg,mylan,194707624,Cyrtandra clarkei,Plantae,708339,1,0,2023-03-29 12:48:20,2023-03-29,2023-03-29 04:48:20 UTC,Asia/Kuching,6,6,,,false,gps,gps,182994,My-Lan Le,2023-12-24 03:11:18 UTC,2024-04-08 10:39:24 UTC,needs_id,CC-BY,,2,false
Cyrtandra,2023-03-30 12:03:31 +0800,,"Location: 6.035314, 116.550278",6.0353140693,116.5502781048,"",,https://www.inaturalist.org/observations/195440132,https://inaturalist-open-data.s3.amazonaws.com/photos/343829454/medium.jpeg,mylan,195440132,Cyrtandra,Plantae,157063,0,0,2023-03-30 12:03:31,2023-03-30,2023-03-30 04:03:31 UTC,Asia/Kuching,6,6,,,false,gps,gps,182994,My-Lan Le,2024-01-01 05:30:24 UTC,2024-01-01 05:30:34 UTC,needs_id,CC-BY,,2,false
Cyrtandra clarkei,2009-02-27 10:37:00 +0800,,"Mesilau Trail, Kinabalu, Kundasang, Sabah, Malaysia",6.0441186093,116.5790709776,"",,https://www.inaturalist.org/observations/196371973,https://inaturalist-open-data.s3.amazonaws.com/photos/345708611/medium.jpeg,kstenman,196371973,Cyrtandra clarkei,Plantae,708339,1,0,2009/02/27 10:37 AM,2009-02-27,2009-02-27 02:37:00 UTC,Asia/Kuching,1957,1957,,,false,,,29452,Katarina Stenman,2024-01-11 20:00:53 UTC,2024-01-12 00:08:20 UTC,research,CC-BY-NC,,,false
Cyrtandra,2015-03-11 12:33:00 +0800,,"Мири, Сарауак, Малайзия",4.047742,114.858331,"",,https://www.inaturalist.org/observations/196925293,https://inaturalist-open-data.s3.amazonaws.com/photos/346704205/medium.jpeg,dolzhanskiy,196925293,Cyrtandra,Plantae,157063,1,0,2015/03/11 12:33,2015-03-11,2015-03-11 04:33:00 UTC,Asia/Kuching,200,200,,,false,,,7083327,должанский,2024-01-17 17:14:23 UTC,2024-01-25 17:16:40 UTC,needs_id,CC-BY-NC,,,false
Cyrtandra lanata,2024-01-25 13:56:27 +0800,,"Kinabalu Park, Ranau, Sabah, Malaysia",6.026919,116.548191,"",,https://www.inaturalist.org/observations/197532753,https://static.inaturalist.org/photos/347935973/medium.jpeg,larsmannzen,197532753,Cyrtandra lanata,Plantae,1527488,1,0,2024-01-25 13:56:27,2024-01-25,2024-01-25 05:56:27 UTC,Asia/Kuching,,,,,false,gps,gps,5299628,Lars Mannzen,2024-01-25 13:45:24 UTC,2024-01-31 05:27:15 UTC,research,,,2,false
Cyrtandra burbidgei,2024-01-25 13:42:34 +0800,,"Kinabalu Park, Ranau, Sabah, Malaysia",6.0283649722,116.5474059722,"",,https://www.inaturalist.org/observations/197532831,https://static.inaturalist.org/photos/347936172/medium.jpeg,larsmannzen,197532831,Cyrtandra burbidgei,Plantae,1238994,0,0,2024-01-25 13:42:34,2024-01-25,2024-01-25 05:42:34 UTC,Asia/Kuching,,,,,false,gps,gps,5299628,Lars Mannzen,2024-01-25 13:46:54 UTC,2024-01-25 13:47:45 UTC,needs_id,,,2,false
Cyrtandra,2024-01-27 09:29:43 +0800,,"Kinabalu, MY-SA-KB, MY-SA, MY",6.0139959722,116.5359399722,"",,https://www.inaturalist.org/observations/197693585,https://static.inaturalist.org/photos/348256370/medium.jpeg,larsmannzen,197693585,Cyrtandra,Plantae,157063,0,0,2024-01-27 09:29:43,2024-01-27,2024-01-27 01:29:43 UTC,Asia/Kuching,,,,,false,gps,gps,5299628,Lars Mannzen,2024-01-27 14:41:27 UTC,2024-01-27 14:45:03 UTC,needs_id,,,2,false
Cyrtandra,2024-01-27 09:01:58 +0800,,"Kinabalu Park, Ranau, Sabah, Malaysia",6.0103359722,116.5367459722,"",,https://www.inaturalist.org/observations/197693671,https://static.inaturalist.org/photos/348256556/medium.jpeg,larsmannzen,197693671,Cyrtandra,Plantae,157063,1,0,2024-01-27 09:01:58,2024-01-27,2024-01-27 01:01:58 UTC,Asia/Kuching,,,,,false,,,5299628,Lars Mannzen,2024-01-27 14:43:00 UTC,2024-01-27 22:14:10 UTC,needs_id,"",,2,false
Cyrtandra,2024-01-22 09:49:07 +0800,,"Kinabalu Park, Ranau, Sabah, 馬來西亞",6.0351305556,116.5503944444,"",,https://www.inaturalist.org/observations/197790209,https://static.inaturalist.org/photos/348449597/medium.jpeg,bunny38,197790209,漿果苣苔屬,Plantae,157063,1,0,2024-01-22 09:49:07,2024-01-22,2024-01-22 01:49:07 UTC,Asia/Kuching,,,,,false,,,6562045,bunny,2024-01-28 13:21:13 UTC,2024-02-02 12:39:12 UTC,needs_id,,,2,false
Cyrtandra lanata,2024-01-31 13:21:24 +0800,,"Kinabalu Park, Ranau, Sabah, Malaysia",6.022691,116.541977,"",,https://www.inaturalist.org/observations/198033049,https://inaturalist-open-data.s3.amazonaws.com/photos/348945069/medium.jpeg,mlutzmann,198033049,Cyrtandra lanata,Plantae,1527488,1,0,2024-01-31 13:21:24,2024-01-31,2024-01-31 05:21:24 UTC,Asia/Kuching,,,,,false,,,6776667,"",2024-01-31 05:23:09 UTC,2024-01-31 11:15:10 UTC,research,CC-BY-NC,,2,false
Cyrtandra,2024-02-01 09:37:52 +0800,Large with very large flowers,"2G6Q+7R, Kinabalu Park, 89300 Kundasang, Sabah, Malaysia",6.008974,116.5381399722,"",,https://www.inaturalist.org/observations/198128430,https://static.inaturalist.org/photos/349135371/medium.jpeg,larsmannzen,198128430,Cyrtandra,Plantae,157063,0,0,2024-02-01 09:37:52,2024-02-01,2024-02-01 01:37:52 UTC,Asia/Kuching,,,,,false,gps,gps,5299628,Lars Mannzen,2024-02-01 12:31:59 UTC,2024-02-01 12:32:25 UTC,needs_id,,,2,false
Cyrtandra,2024-01-26 16:10:02 +0800,,"Tambunan, Taman Negara Banjaran Crocker, MY-SA, MY",5.80696286,116.33862202,"",,https://www.inaturalist.org/observations/198211061,https://inaturalist-open-data.s3.amazonaws.com/photos/349301619/medium.jpeg,richarddimon,198211061,Cyrtandra,Plantae,157063,1,0,2024-01-26 16:10:02,2024-01-26,2024-01-26 08:10:02 UTC,Asia/Kuching,9,9,,,false,,,149222,Richard Dimon,2024-02-02 14:35:08 UTC,2025-09-24 04:41:17 UTC,needs_id,CC-BY,,2,false
Cyrtandra,2024-02-04 16:12:46 +0800,,"Distrikt Tuaran, Sabah, Malaysia",6.0151729722,116.499834,"",,https://www.inaturalist.org/observations/198391852,https://static.inaturalist.org/photos/349664602/medium.jpeg,larsmannzen,198391852,Cyrtandra,Plantae,157063,0,0,2024-02-04 16:12:46,2024-02-04,2024-02-04 08:12:46 UTC,Asia/Kuching,,,,,false,gps,gps,5299628,Lars Mannzen,2024-02-04 14:07:16 UTC,2024-02-04 14:07:38 UTC,needs_id,,,2,false
Cyrtandra calciphila,2024-02-06 15:11:48 +0800,,"Mulu, MY-SK-MR, MY-SK, MY",4.0469918739,114.825593881,"",,https://www.inaturalist.org/observations/198556569,https://static.inaturalist.org/photos/349991440/medium.jpeg,zuzana166,198556569,Cyrtandra calciphila,Plantae,1487701,2,0,2024-02-06 15:11:48,2024-02-06,2024-02-06 07:11:48 UTC,Asia/Kuching,48,48,,,false,,,6541604,Zuzana Münzbergová,2024-02-06 10:14:44 UTC,2024-08-04 16:20:09 UTC,research,,,2,false
Cyrtandra,2024-02-22 10:16:00 +0800,,马来西亚霹雳务边,4.4437436306,101.1988297558,"",,https://www.inaturalist.org/observations/201760332,https://inaturalist-open-data.s3.amazonaws.com/photos/356210293/medium.jpeg,andy-xr,201760332,浆果苣苔属,Plantae,157063,1,0,2024/02/22 10:16,2024-02-22,2024-02-22 02:16:00 UTC,Kuala Lumpur,15,15,,,false,,,2731692,Andy,2024-03-09 06:53:18 UTC,2025-01-11 13:15:39 UTC,needs_id,CC-BY-NC,,,false
Cyrtandra,2024-03-09 17:45:53 +0800,,"Sandakan, Sabah, Malaysia",5.8714655,117.9613278,"",,https://www.inaturalist.org/observations/201777495,https://static.inaturalist.org/photos/356244213/medium.jpeg,larsmannzen,201777495,Cyrtandra,Plantae,157063,0,0,2024-03-09 17:45:53,2024-03-09,2024-03-09 09:45:53 UTC,Asia/Kuching,,,,,false,gps,gps,5299628,Lars Mannzen,2024-03-09 12:03:08 UTC,2024-03-09 12:03:52 UTC,needs_id,,,2,false
Cyrtandra clarkei,2024-03-26 14:27:21 +0800,"","Kinabalu, MY-SA-RA, MY-SA, MY",6.0473783081,116.5613611602,"",,https://www.inaturalist.org/observations/213299489,https://inaturalist-open-data.s3.amazonaws.com/photos/376955555/medium.jpg,mikihon,213299489,イワタバコ科,Plantae,708339,1,0,2024-03-26 14:27:21+08:00,2024-03-26,2024-03-26 06:27:21 UTC,Asia/Kuching,3,3,,,false,,,7136882,,2024-05-04 01:42:28 UTC,2024-07-03 13:45:48 UTC,needs_id,CC-BY-NC,,3,false
Cyrtandra,2024-05-07 10:28:00 +0800,,"Kampung Baru Pantai, Pantai, Negeri Sembilan, Malaysia",2.784063,101.994394,"",,https://www.inaturalist.org/observations/215441888,https://inaturalist-open-data.s3.amazonaws.com/photos/380899045/medium.jpeg,ytw,215441888,Cyrtandra,Plantae,157063,0,0,2024/05/07 10:28 AM,2024-05-07,2024-05-07 02:28:00 UTC,Kuala Lumpur,242,242,,,false,,,7203542,"",2024-05-13 06:21:44 UTC,2024-05-13 06:21:44 UTC,needs_id,CC-BY-NC,,,false
Cyrtandra wallichii,2024-05-24 10:21:25 +0800,"Bramley specimens from this trail,syn.C.grandiflora,purple dots on corolla mouth,green floral bracts,subglabrous leaves,large shrub(form pilosa smaller, recorded to 1800 m on Gunung Brinchang),researchgate key used","Habu, 39000 Ringlet, Pahang, Malaysia",4.4394103,101.383002,"",,https://www.inaturalist.org/observations/217898015,https://static.inaturalist.org/photos/385530508/medium.jpeg,larsmannzen,217898015,Cyrtandra wallichii,Plantae,924032,0,0,2024-05-24 10:21:25,2024-05-24,2024-05-24 02:21:25 UTC,Kuala Lumpur,,,,,false,,,5299628,Lars Mannzen,2024-05-24 14:24:22 UTC,2025-03-06 15:32:44 UTC,needs_id,,,2,false
Cyrtandra radiciflora,2009-02-11 00:00:00 +0800,"","Gunung Mulu National Park, Sarawak, Malaysia",4.09207,114.8958021,"",,https://www.inaturalist.org/observations/221499433,https://static.inaturalist.org/photos/392267528/medium.jpg,pam275,221499433,Cyrtandra radiciflora,Plantae,924073,1,0,2009/02/11 ,2009-02-11,,Asia/Kuching,25123,25123,,,false,,,3592436,Pam Quick,2024-06-09 06:34:19 UTC,2025-02-18 16:13:13 UTC,needs_id,,,,false
Cyrtandra,2024-05-15 19:30:00 +0800,,"Kinabalu Park, Ranau, Sabah, Malaysia",6.0181256531,116.5437432483,"",,https://www.inaturalist.org/observations/221609758,https://inaturalist-open-data.s3.amazonaws.com/photos/392460162/medium.jpeg,alice__lee,221609758,Cyrtandra,Plantae,157063,0,0,2024/05/15 7:30 PM,2024-05-15,2024-05-15 11:30:00 UTC,Asia/Kuching,1286,1286,,,false,,,684209,"",2024-06-09 17:04:34 UTC,2024-06-10 13:42:51 UTC,needs_id,CC-BY-NC,,,false
Cyrtandra,2024-05-14 13:52:19 +0800,,"Sabah, MY",5.5697943537,117.0634880539,"",,https://www.inaturalist.org/observations/226732006,https://inaturalist-open-data.s3.amazonaws.com/photos/402145590/medium.jpeg,regray,226732006,Cyrtandra,Plantae,157063,0,0,2024-05-14 13:52:19,2024-05-14,2024-05-14 05:52:19 UTC,Asia/Kuching,,31379,obscured,,true,gps,gps,4766419,Ryan E. Gray,2024-07-02 18:28:43 UTC,2024-07-02 18:29:07 UTC,needs_id,CC-BY-NC,,2,false
Cyrtandra,2024-07-25 17:18:30 +0800,"","Borneo, Penampang, Sabah, MY",5.8244883333,116.341255,"",,https://www.inaturalist.org/observations/232650918,https://inaturalist-open-data.s3.amazonaws.com/photos/413357845/medium.jpeg,jsterling60,232650918,Cyrtandra,Plantae,157063,1,0,2024-07-25 17:18:30+08:00,2024-07-25,2024-07-25 09:18:30 UTC,Asia/Kuching,3,3,,,false,,,8222751,John Sterling,2024-07-30 07:14:09 UTC,2025-01-07 22:43:56 UTC,needs_id,CC-BY-NC,,3,false
Cyrtandra,2024-08-18 17:44:00 +0800,,"Bukit Kiara Hill Walk, Changkat Abang Haji Openg, Bukit Kiara, 60000 Kuala Lumpur, Federal Territory of Kuala Lumpur, Malaysia",3.145775,101.6336129,"",,https://www.inaturalist.org/observations/236638027,https://inaturalist-open-data.s3.amazonaws.com/photos/421014056/medium.jpg,lunarjade,236638027,Cyrtandra,Plantae,157063,1,0,2024/08/18 5:44 PM,2024-08-18,2024-08-18 09:44:00 UTC,Kuala Lumpur,213,213,,,false,,,3772847,"",2024-08-19 01:12:00 UTC,2024-08-27 14:16:07 UTC,needs_id,CC-BY-NC,,,false
Cyrtandra wallichii,2024-08-06 15:22:00 +0800,,"Gua Musang, MY-KN, MY",4.6451993132,101.5023327748,"",,https://www.inaturalist.org/observations/237069867,https://inaturalist-open-data.s3.amazonaws.com/photos/421856461/medium.jpeg,narido,237069867,Cyrtandra wallichii,Plantae,924032,0,0,2024/08/06 3:22 PM,2024-08-06,2024-08-06 07:22:00 UTC,Kuala Lumpur,244,244,,,false,,,1528865,"",2024-08-21 09:07:04 UTC,2024-08-21 09:10:23 UTC,needs_id,CC-BY-NC,,,false
Cyrtandra,2024-08-07 08:19:00 +0800,,"Mount Kinabalu Botanical Garden, Kinabalu Park, 89300 Ranau, Sabah, Malaysia",6.009899,116.5420508,"",,https://www.inaturalist.org/observations/238572377,https://inaturalist-open-data.s3.amazonaws.com/photos/424757454/medium.jpeg,tanyasch,238572377,Cyrtandra,Plantae,157063,1,0,2024/08/07 8:19 AM,2024-08-07,2024-08-07 00:19:00 UTC,Asia/Kuching,59,59,,,false,,,6792197,Tanya Scharaschkin,2024-08-29 10:55:12 UTC,2024-08-30 00:29:59 UTC,needs_id,CC-BY-NC,,,false
Cyrtandra,2024-08-30 12:03:00 +0800,"","Borneo, Tawau, Sabah, MY",4.4001716667,117.8898616667,"",,https://www.inaturalist.org/observations/238717931,https://inaturalist-open-data.s3.amazonaws.com/photos/425041787/medium.jpeg,bwedderburn,238717931,Cyrtandra,Plantae,157063,1,0,2024-08-30 12:03:00+08:00,2024-08-30,2024-08-30 04:03:00 UTC,Asia/Kuching,18,18,,,false,,,7648096,Bruce Wedderburn,2024-08-30 04:29:02 UTC,2024-09-02 13:39:08 UTC,needs_id,CC-BY-NC,,3,false
Cyrtandra,2024-06-19 00:12:00 +0800,"",馬來西亞沙巴斗湖,4.4133785829,117.8872496153,"",,https://www.inaturalist.org/observations/239789179,https://inaturalist-open-data.s3.amazonaws.com/photos/427117552/medium.jpeg,kuoshouting,239789179,漿果苣苔屬,Plantae,157063,1,0,2024/06/19 00:12,2024-06-19,2024-06-18 16:12:00 UTC,Asia/Kuching,7683,7683,,,false,,,5486801,,2024-09-04 13:52:42 UTC,2024-12-09 12:23:57 UTC,needs_id,CC-BY-NC,,,false
Cyrtandra,2024-09-11 10:45:00 +0800,"","Borneo, Kuching, Sarawak, MY",1.5982653944,110.1831432013,"",,https://www.inaturalist.org/observations/241111251,https://static.inaturalist.org/photos/429671172/medium.jpeg,oli_in_gold,241111251,Cyrtandra,Plantae,157063,0,0,2024-09-11 10:45:00+08:00,2024-09-11,2024-09-11 02:45:00 UTC,Asia/Kuching,1120,1120,,,false,,,4163395,Oliver Ingold,2024-09-11 14:49:09 UTC,2025-05-25 16:29:01 UTC,needs_id,,,3,false
Cyrtandra,2024-08-12 14:42:17 +0800,"","Taman Kinabalu, Ranau, Sabah, MY",6.0070027833,116.5419083333,"",,https://www.inaturalist.org/observations/241719790,https://inaturalist-open-data.s3.amazonaws.com/photos/430835589/medium.jpeg,susanmcrae,241719790,Cyrtandra,Plantae,157063,1,0,2024-08-12 14:42:17+08:00,2024-08-12,2024-08-12 06:42:17 UTC,Asia/Kuching,24,24,,,false,,,1732368,railprof,2024-09-14 20:17:18 UTC,2025-03-27 11:18:27 UTC,needs_id,CC-BY-NC,,3,false
Cyrtandra,2024-08-22 16:32:00 +0800,,"Kinabalu Park, Ranau, Sabah, Malasia",6.01210485,116.53919454,"",,https://www.inaturalist.org/observations/242254620,https://inaturalist-open-data.s3.amazonaws.com/photos/431873504/medium.jpeg,soniamolino,242254620,Cyrtandra,Plantae,157063,1,0,2024/08/22 4:32 PM,2024-08-22,2024-08-22 08:32:00 UTC,Asia/Kuching,,,,,false,,,350032,Sonia Molino,2024-09-17 09:42:14 UTC,2024-11-22 15:47:17 UTC,needs_id,CC-BY-NC,,,false
Cyrtandra calciphila,2024-07-23 15:06:00 +0800,"","Marudi, MY-SK, MY",4.0623236849,114.9722639038,"",,https://www.inaturalist.org/observations/243251722,https://inaturalist-open-data.s3.amazonaws.com/photos/433733751/medium.jpg,pecosvalleydiamond,243251722,Cyrtandra calciphila,Plantae,1487701,1,0,2024/07/23 3:06 PM,2024-07-23,2024-07-23 07:06:00 UTC,Asia/Kuching,161,31411,obscured,,true,,,4348831,Moses Michelsohn,2024-09-22 03:55:35 UTC,2024-12-15 00:56:20 UTC,needs_id,CC-BY-NC,,,false
Cyrtandra radiciflora,2024-10-04 13:03:15 +0800,,"Marudi, Sarawak, Malaysia",4.0999999997,114.84,"",,https://www.inaturalist.org/observations/245879568,https://inaturalist-open-data.s3.amazonaws.com/photos/438840847/medium.jpeg,oliverben92,245879568,Cyrtandra radiciflora,Plantae,924073,2,0,2024-10-04 13:03:15,2024-10-04,2024-10-04 05:03:15 UTC,Asia/Kuching,,,,,false,,,7387743,DolceAmore,2024-10-06 03:39:35 UTC,2025-03-22 10:34:49 UTC,needs_id,CC-BY-NC,,2,false
Cyrtandra,2024-10-09 11:27:42 +0800,,"Tioman, Tioman Island, Pahang, Malaysia",2.81259106,104.17503524,"",,https://www.inaturalist.org/observations/246485297,https://static.inaturalist.org/photos/440044867/medium.jpeg,larsmannzen,246485297,Cyrtandra,Plantae,157063,0,0,2024-10-09 11:27:42,2024-10-09,2024-10-09 03:27:42 UTC,Kuala Lumpur,,,,,false,gps,gps,5299628,Lars Mannzen,2024-10-09 15:40:20 UTC,2024-10-09 15:40:46 UTC,needs_id,,,2,false
Cyrtandra,2024-09-18 10:10:37 +0800,"","Kinabalu National Park, Ranau, Sabah, MY",6.0485595859,116.7004040792,"",,https://www.inaturalist.org/observations/247175246,https://static.inaturalist.org/photos/441401714/medium.jpeg,oli_in_gold,247175246,Cyrtandra,Plantae,157063,0,0,2024-09-17 21:10:37-05:00,2024-09-18,2024-09-18 02:10:37 UTC,Asia/Kuching,206,206,,,false,,,4163395,Oliver Ingold,2024-10-13 19:15:30 UTC,2024-10-19 11:17:46 UTC,needs_id,,,3,false
Cyrtandra,2024-08-16 00:29:00 +0800,,"Sabah, MY",6.121065375,116.5943591944,"",,https://www.inaturalist.org/observations/247661321,https://inaturalist-open-data.s3.amazonaws.com/photos/442365469/medium.jpeg,calfirecap,247661321,Cyrtandra,Plantae,157063,1,0,2024/08/16 12:29 AM,2024-08-16,2024-08-15 16:29:00 UTC,Asia/Kuching,200,31362,obscured,,true,,,32483,,2024-10-16 19:03:00 UTC,2025-03-20 16:28:10 UTC,needs_id,CC-BY-NC,,,false
Cyrtandra,2024-09-18 12:13:06 +0800,"","Sabah, MY",6.040841483,116.7790038031,"",,https://www.inaturalist.org/observations/248147014,https://static.inaturalist.org/photos/443322513/medium.jpeg,oli_in_gold,248147014,"",Plantae,157063,0,0,2024-09-17 23:13:06-05:00,2024-09-18,2024-09-18 04:13:06 UTC,Asia/Kuching,254,31362,obscured,,true,,,4163395,Oliver Ingold,2024-10-19 21:14:26 UTC,2024-10-19 21:14:35 UTC,needs_id,,,3,false
Cyrtandra,2024-08-22 16:32:00 +0800,,"Kinabalu Park, Ranau, Sabah, Malaysia",6.012165,116.539174,"",,https://www.inaturalist.org/observations/250490464,https://inaturalist-open-data.s3.amazonaws.com/photos/448002909/medium.jpeg,mario_mairal,250490464,Cyrtandra,Plantae,157063,0,0,2024/08/22 4:32 PM,2024-08-22,2024-08-22 08:32:00 UTC,Asia/Kuching,,,,,false,,,2035809,"",2024-11-04 21:43:47 UTC,2024-11-05 03:42:11 UTC,needs_id,CC-BY-NC-SA,,,false
Cyrtandra,2024-08-12 08:41:00 +0800,"","Kinabalu Park, Ranau, Sabah, Malaysia",6.0103033333,116.5385366667,Magnoliopsida,,https://www.inaturalist.org/observations/251131611,https://inaturalist-open-data.s3.amazonaws.com/photos/449290434/medium.jpg,isaac_krone,251131611,Cyrtandra,Plantae,157063,1,0,2024/08/12 8:41 AM,2024-08-12,2024-08-12 00:41:00 UTC,Asia/Kuching,,,,,false,,,116788,Isaac Krone,2024-11-10 06:16:54 UTC,2024-12-14 14:11:12 UTC,needs_id,CC-BY,,,false
Cyrtandra,2024-05-20 02:27:00 +0800,"","Kinabalu Park, Ranau, Sabah, Malásia",6.0414999396,116.5569472913,"",,https://www.inaturalist.org/observations/252400627,https://static.inaturalist.org/photos/451823521/medium.jpeg,miguel_guerreiro,252400627,Cyrtandra,Plantae,157063,1,0,2024/05/20 2:27 AM,2024-05-20,2024-05-19 18:27:00 UTC,Asia/Kuching,1528,1528,,,false,,,2597203,Miguel,2024-11-20 16:23:53 UTC,2025-03-21 19:29:18 UTC,needs_id,CC-BY-NC,,,false
Cyrtandra lanata,2004-10-05 15:10:00 +0800,At edge of trail in lower-montane rainforest on steep rocky slope above the fast-flowing Liwagu River.,"Liwagu Trail, Kinabalu Park, Ranau, Sabah, Malaysia",6.0190913542,116.5485793914,"",,https://www.inaturalist.org/observations/253130374,https://static.inaturalist.org/photos/453188864/medium.jpg,tonyrodd,253130374,Cyrtandra lanata,Plantae,1527488,0,0,2004/10/05 3:10 PM,2004-10-05,2004-10-05 07:10:00 UTC,Asia/Kuching,439,439,,,false,,,6464516,Tony Rodd,2024-11-26 04:21:59 UTC,2025-03-27 05:12:25 UTC,needs_id,CC-BY,,,false
Cyrtandra,2024-12-03 09:33:00 +0800,"","Borneo, Tatau, Sarawak, MY",2.6348333333,112.9344033333,"",,https://www.inaturalist.org/observations/254171472,https://inaturalist-open-data.s3.amazonaws.com/photos/455209536/medium.jpeg,michal_hrones,254171472,"",Plantae,157063,0,0,2024-12-03 09:33:00+08:00,2024-12-03,2024-12-03 01:33:00 UTC,Asia/Kuching,4,4,,,false,,,3886191,Michal Hroneš,2024-12-05 03:22:53 UTC,2024-12-05 03:23:09 UTC,needs_id,CC-BY-NC,,3,false
Cyrtandra,1985-11-19 12:28:00 +0800,,"Lahad Datu, Sabah, Malaysia",4.9653608206,117.8021179263,"",,https://www.inaturalist.org/observations/254450710,https://inaturalist-open-data.s3.amazonaws.com/photos/455773576/medium.png,barbaraparris,254450710,Cyrtandra,Plantae,157063,0,0,1985/11/19 12:28 PM,1985-11-19,1985-11-19 04:28:00 UTC,Asia/Kuching,15,15,,,false,,,355160,Barbara Parris,2024-12-07 23:30:34 UTC,2024-12-07 23:30:34 UTC,needs_id,CC-BY-NC,,,false
Cyrtandra,2024-12-13 10:30:00 +0800,,"Bahagian Miri, Sarawak, Malaysia",4.065061,114.831873,"",,https://www.inaturalist.org/observations/255664559,https://inaturalist-open-data.s3.amazonaws.com/photos/458198894/medium.jpg,cwfoo,255664559,dicots,Plantae,157063,1,0,2024/12/13 10:30 AM,2024-12-13,2024-12-13 02:30:00 UTC,Asia/Kuching,10,10,,,false,,,8004764,Foo Chuan Wei,2024-12-20 10:15:40 UTC,2025-05-16 17:22:40 UTC,needs_id,CC-BY-NC,,,false
Cyrtandra,2022-04-15 11:57:00 +0800,"","Bahagian Miri, Sarawak, Malaysia",3.209208068,115.1790301847,"",,https://www.inaturalist.org/observations/255863778,https://static.inaturalist.org/photos/458620825/medium.jpg,cclborneo,255863778,Cyrtandra,Plantae,157063,1,0,2022/04/15 11:57 AM,2022-04-15,2022-04-15 03:57:00 UTC,Asia/Kuching,10000,10000,,,false,,,1829749,Chien Lee,2024-12-22 11:23:25 UTC,2025-03-04 21:30:19 UTC,needs_id,,,,false
Cyrtandra,2024-12-27 23:09:00 +0800,,"Sabah, MY",4.5003234393,117.8296441263,"",,https://www.inaturalist.org/observations/257420561,https://static.inaturalist.org/photos/461771291/medium.jpg,talibzuo,257420561,Cyrtandra,Plantae,157063,1,0,2024/12/27 11:09 PM,2024-12-27,2024-12-27 15:09:00 UTC,Asia/Kuching,1901,31403,obscured,,true,,,2794014,Artur Tomaszek,2025-01-05 01:53:30 UTC,2025-01-05 14:34:28 UTC,needs_id,,,,false
Cyrtandra clarkei,2025-01-02 14:38:00 +0800,"","Kinabalu Park, Ranau, Sabah, 马来西亚",6.021255,116.5462981,"",,https://www.inaturalist.org/observations/258035267,https://inaturalist-open-data.s3.amazonaws.com/photos/462897899/medium.jpeg,andy-xr,258035267,Cyrtandra clarkei,Plantae,708339,0,0,2025/01/02 14:38,2025-01-02,2025-01-02 06:38:00 UTC,Asia/Kuching,6169,6169,,,false,,"",2731692,Andy,2025-01-10 14:24:19 UTC,2025-01-11 13:16:53 UTC,needs_id,CC-BY-NC,,,false
Cyrtandra clarkei,2025-01-02 14:38:00 +0800,"","Kinabalu Park, Ranau, Sabah, 马来西亚",6.021255,116.5462981,"",,https://www.inaturalist.org/observations/258035269,https://inaturalist-open-data.s3.amazonaws.com/photos/462897889/medium.jpeg,andy-xr,258035269,Cyrtandra clarkei,Plantae,708339,0,0,2025/01/02 14:38,2025-01-02,2025-01-02 06:38:00 UTC,Asia/Kuching,6169,6169,,,false,,"",2731692,Andy,2025-01-10 14:24:20 UTC,2025-01-11 13:16:53 UTC,needs_id,CC-BY-NC,,,false
Cyrtandra calciphila,2025-01-27 11:51:19 +0800,Finger-looking plant,"Borneo, Pusat Mel Miri, Sarawak, MY",4.0499028333,114.812395,"",,https://www.inaturalist.org/observations/259933467,https://inaturalist-open-data.s3.amazonaws.com/photos/466703664/medium.jpg,y-aving,259933467,Cyrtandra calciphila,Plantae,1487701,1,0,2025-01-27 11:51:19+08:00,2025-01-27,2025-01-27 03:51:19 UTC,Asia/Kuching,1414,1414,,,false,,,6491810,YN,2025-01-29 05:23:00 UTC,2025-02-03 01:17:16 UTC,needs_id,CC-BY-NC,,3,false
Cyrtandra lanata,2025-02-04 20:50:00 +0800,,"Kinabalu, MY-SA-RA, MY-SA, MY",6.0490061437,116.5647199737,"",,https://www.inaturalist.org/observations/260616957,https://inaturalist-open-data.s3.amazonaws.com/photos/468058741/medium.jpeg,casperliao,260616957,Cyrtandra lanata,Plantae,1527488,0,0,2025/02/04 20:50,2025-02-04,2025-02-04 12:50:00 UTC,Asia/Kuching,2084,2084,,,false,,,6463606,Casper,2025-02-04 16:23:36 UTC,2025-02-25 16:12:55 UTC,needs_id,CC-BY-NC,,,false
Cyrtandra,2025-02-14 10:09:32 +0800,Plants,"89000 Keningau, Sabah, Malaysia",5.3859555556,116.10695,"",,https://www.inaturalist.org/observations/261684089,https://static.inaturalist.org/photos/470177723/medium.jpeg,maslianah,261684089,Cyrtandra,Plantae,157063,1,0,2025-02-14 10:09:32,2025-02-14,2025-02-14 02:09:32 UTC,Asia/Kuching,,,,,false,gps,gps,8924853,Maslianah Mohd Shom,2025-02-15 02:26:57 UTC,2025-03-21 19:27:04 UTC,needs_id,,,2,false
Cyrtandra,2025-02-20 04:18:00 +0800,,"Мири, Сарауак, Малайзия",4.0519157997,114.8161594,"",,https://www.inaturalist.org/observations/265066289,https://inaturalist-open-data.s3.amazonaws.com/photos/476042928/medium.jpg,vadim_prokhorov,265066289,Cyrtandra,Plantae,157063,1,0,2025/02/20 04:18,2025-02-20,2025-02-19 20:18:00 UTC,Asia/Kuching,,,,,false,,,13246,Vadim Prokhorov,2025-03-12 16:57:32 UTC,2025-09-29 14:10:48 UTC,needs_id,CC-BY-NC,,,false
Cyrtandra calciphila,2025-02-20 05:29:00 +0800,,"Мири, Сарауак, Малайзия",4.0470193997,114.8257207997,"",,https://www.inaturalist.org/observations/265066329,https://inaturalist-open-data.s3.amazonaws.com/photos/476043575/medium.jpg,vadim_prokhorov,265066329,Cyrtandra calciphila,Plantae,1487701,1,0,2025/02/20 05:29,2025-02-20,2025-02-19 21:29:00 UTC,Asia/Kuching,,,,,false,,,13246,Vadim Prokhorov,2025-03-12 16:57:44 UTC,2025-03-15 02:28:16 UTC,needs_id,CC-BY-NC,,,false
Cyrtandra,2025-03-12 13:56:18 +0800,"","Taman Kinabalu, Ranau, 沙巴, MY",6.0472638333,116.56118,"",,https://www.inaturalist.org/observations/265157223,https://static.inaturalist.org/photos/476231823/medium.jpg,chungher,265157223,漿果苣苔屬,Plantae,157063,1,0,2025-03-12 13:56:18+08:00,2025-03-12,2025-03-12 05:56:18 UTC,Asia/Kuching,4,4,,,false,,,4001904,Alex Cheng,2025-03-13 12:30:37 UTC,2025-06-05 20:02:20 UTC,needs_id,,,3,false
Cyrtandra clarkei,2023-02-06 11:34:00 +0800,"","Kinabalu Park, Ranau, Sabah, Malaysia",6.0403844127,116.5540993635,"",,https://www.inaturalist.org/observations/265800758,https://static.inaturalist.org/photos/477353232/medium.jpg,frederik_de_wint,265800758,Cyrtandra clarkei,Plantae,708339,1,0,2023/02/06 11:34 AM,2023-02-06,2023-02-06 03:34:00 UTC,Asia/Kuching,1641,1641,,,false,,,1555198,Frederik De Wint,2025-03-18 07:41:29 UTC,2025-03-21 12:47:15 UTC,needs_id,,,,false
Cyrtandra,2025-02-16 08:30:00 +0800,"","Taman Kinabalu, Ranau, 沙巴, MY",6.0139004021,116.5418649101,"",,https://www.inaturalist.org/observations/266519294,https://inaturalist-open-data.s3.amazonaws.com/photos/478878350/medium.jpg,epilobiumm,266519294,漿果苣苔屬,Plantae,157063,0,0,2025-02-16 08:30:00+08:00,2025-02-16,2025-02-16 00:30:00 UTC,Asia/Kuching,808,808,,,false,,,8255372,"",2025-03-23 08:03:34 UTC,2025-06-19 04:53:42 UTC,needs_id,CC-BY-NC,,3,false
Cyrtandra,2025-03-27 15:41:37 +0800,,"Kamunting, Perak, Malaysia",4.86723274,100.78862707,"",,https://www.inaturalist.org/observations/267266528,https://static.inaturalist.org/photos/480280352/medium.jpeg,larsmannzen,267266528,cyrtandra,Plantae,157063,0,0,2025-03-27 15:41:37,2025-03-27,2025-03-27 07:41:37 UTC,Kuala Lumpur,,,,,false,gps,gps,5299628,Lars Mannzen,2025-03-27 22:49:17 UTC,2025-03-27 22:49:55 UTC,needs_id,,,2,false
Cyrtandra,2025-03-29 13:53:06 +0800,,"09700 kg desa teruna,karangan, 09700, Kedah, Malaysia",5.4121402997,100.7809045997,"",,https://www.inaturalist.org/observations/267605879,https://inaturalist-open-data.s3.amazonaws.com/photos/480928484/medium.jpeg,gancw1,267605879,Cyrtandra,Plantae,157063,0,0,2025-03-29 13:53:06,2025-03-29,2025-03-29 05:53:06 UTC,Kuala Lumpur,,,,,false,gps,gps,44170,Cheongweei Gan,2025-03-29 23:11:18 UTC,2025-03-30 04:18:01 UTC,needs_id,CC0,,2,false
Cyrtandra,2024-03-17 08:48:00 +0800,Cyrtandra cupulata,"Kuala Lumpur, Federal Territory of Kuala Lumpur, Malaysia",3.1602055556,101.6356277778,"",,https://www.inaturalist.org/observations/269256934,https://inaturalist-open-data.s3.amazonaws.com/photos/484035066/medium.jpeg,amkamal12,269256934,Cyrtandra,Plantae,157063,0,0,2024/03/17 8:48 AM,2024-03-17,2024-03-17 00:48:00 UTC,Kuala Lumpur,24,24,,,false,,,1007835,Adam Kamal,2025-04-08 08:55:09 UTC,2025-04-09 12:39:33 UTC,needs_id,CC-BY,,,false
Cyrtandra clarkei,2004-10-07 13:03:00 +0800,,"Mount Kinabalu summit track at c. 2200 m, Ranau, Sabah, Malaysia",6.0417938246,116.5529687759,"",,https://www.inaturalist.org/observations/269946449,https://static.inaturalist.org/photos/485424649/medium.jpg,tonyrodd,269946449,Cyrtandra clarkei,Plantae,708339,0,0,2004/10/07 1:03 PM,2004-10-07,2004-10-07 05:03:00 UTC,Asia/Kuching,213,213,,,false,,,6464516,Tony Rodd,2025-04-12 11:55:55 UTC,2025-04-12 11:57:36 UTC,needs_id,CC-BY,,,false
Cyrtandra,2025-02-27 09:04:08 +0800,,"Silau-Silau Trail, Ranau, Sabah, MY",6.0125333333,116.5395966667,"",,https://www.inaturalist.org/observations/272285433,https://static.inaturalist.org/photos/489851754/medium.jpg,kiran33,272285433,Cyrtandra,Plantae,157063,1,0,2025-02-27 09:04:08,2025-02-27,2025-02-27 01:04:08 UTC,Asia/Kuching,14,14,,,false,,,5007948,Kiran Dhanjal-Adams,2025-04-22 20:33:37 UTC,2025-09-21 12:18:20 UTC,needs_id,,,843,false
Cyrtandra,2025-04-20 16:38:15 +0800,,馬來西亞砂拉越馬魯帝,4.0384611111,114.8157805556,"",,https://www.inaturalist.org/observations/272654014,https://static.inaturalist.org/photos/490534791/medium.jpeg,ce_jones,272654014,漿果苣苔屬,Plantae,157063,1,0,2025-04-20 16:38:15,2025-04-20,2025-04-20 08:38:15 UTC,Asia/Kuching,,,,,false,,,1049538,Huang Wen Yuan,2025-04-24 10:45:35 UTC,2025-04-27 04:30:50 UTC,needs_id,,,2,false
Cyrtandra,2025-04-26 08:35:47 +0800,,"9VXQ+QR Tawau Hills Park, Taman Semarak, 91000 Tawau, Sabah, 馬來西亞",4.400546789,117.8902017698,"",,https://www.inaturalist.org/observations/274373561,https://inaturalist-open-data.s3.amazonaws.com/photos/493276862/medium.jpeg,shiang1985,274373561,漿果苣苔屬,Plantae,157063,1,0,2025-04-26 08:35:47,2025-04-26,2025-04-26 00:35:47 UTC,Asia/Kuching,207,207,,,false,,,3153186,曾祥霖,2025-04-27 03:34:27 UTC,2025-09-21 11:52:34 UTC,needs_id,CC-BY-NC,,2,false
Cyrtandra,2025-01-02 13:43:00 +0800,,"Kinabalu Park, Ranau, Sabah, 马来西亚",6.021255,116.5462981,"",,https://www.inaturalist.org/observations/277327211,https://inaturalist-open-data.s3.amazonaws.com/photos/497970276/medium.jpeg,andy-xr,277327211,浆果苣苔属,Plantae,157063,0,0,2025/01/02 13:43,2025-01-02,2025-01-02 05:43:00 UTC,Asia/Kuching,6169,6169,,,false,,,2731692,Andy,2025-05-01 10:54:04 UTC,2025-05-01 10:54:04 UTC,needs_id,CC-BY-NC,,,false
Cyrtandra radiciflora,2025-01-19 16:36:00 +0800,,馬來西亞砂拉越美里省,4.1222133362,114.9085674614,"",,https://www.inaturalist.org/observations/282552910,https://inaturalist-open-data.s3.amazonaws.com/photos/506131437/medium.jpg,yueranic,282552910,Cyrtandra radiciflora,Plantae,924073,0,0,2025/01/19 16:36,2025-01-19,2025-01-19 08:36:00 UTC,Asia/Kuching,15625,15625,,,false,,,4021578,羅元甫,2025-05-20 03:55:47 UTC,2025-05-20 03:55:47 UTC,needs_id,CC-BY-NC,,,false
Cyrtandra,2025-01-21 14:48:00 +0800,,馬來西亞砂拉越美里省,4.1441288464,114.8975811332,"",,https://www.inaturalist.org/observations/282552917,https://inaturalist-open-data.s3.amazonaws.com/photos/506132901/medium.jpg,yueranic,282552917,漿果苣苔屬,Plantae,157063,0,0,2025/01/21 14:48,2025-01-21,2025-01-21 06:48:00 UTC,Asia/Kuching,15625,15625,,,false,,,4021578,羅元甫,2025-05-20 03:55:48 UTC,2025-05-20 03:55:48 UTC,needs_id,CC-BY-NC,,,false
Cyrtandra,2025-01-21 17:31:00 +0800,Cyrtandra incrustata,馬來西亞砂拉越林夢,4.1660437491,114.9195537895,"",,https://www.inaturalist.org/observations/282552918,https://inaturalist-open-data.s3.amazonaws.com/photos/506132969/medium.jpg,yueranic,282552918,漿果苣苔屬,Plantae,157063,0,0,2025/01/21 17:31,2025-01-21,2025-01-21 09:31:00 UTC,Asia/Kuching,15625,15625,,,false,,,4021578,羅元甫,2025-05-20 03:55:48 UTC,2025-05-20 03:55:48 UTC,needs_id,CC-BY-NC,,,false
Cyrtandra,2025-01-20 13:04:00 +0800,,馬來西亞砂拉越林夢,4.1660437491,114.9085674614,"",,https://www.inaturalist.org/observations/282552919,https://inaturalist-open-data.s3.amazonaws.com/photos/506131775/medium.jpg,yueranic,282552919,漿果苣苔屬,Plantae,157063,0,0,2025/01/20 13:04,2025-01-20,2025-01-20 05:04:00 UTC,Asia/Kuching,15625,15625,,,false,,,4021578,羅元甫,2025-05-20 03:55:48 UTC,2025-05-20 03:55:48 UTC,needs_id,CC-BY-NC,,,false
Cyrtandra,2025-05-31 11:45:27 +0800,,89500 ซาบาห์ มาเลเซีย,5.8143100736,116.3343505858,"",,https://www.inaturalist.org/observations/285640524,https://inaturalist-open-data.s3.amazonaws.com/photos/513431082/medium.jpg,plains-wanderer,285640524,Cyrtandra,Plantae,157063,1,0,2025-05-31 11:45:27,2025-05-31,2025-05-31 03:45:27 UTC,Asia/Kuching,,,,,false,gps,gps,2107812,Wich’yanan (Jay) Limparungpatthanakij,2025-05-31 15:03:03 UTC,2025-09-21 13:16:50 UTC,needs_id,CC-BY,,2,false
Cyrtandra,2011-01-10 05:09:52 +0800,"","Kinabalu National Park, Ranau, Сабах, MY",6.0456731035,116.5908970636,"",,https://www.inaturalist.org/observations/286572046,https://inaturalist-open-data.s3.amazonaws.com/photos/515195288/medium.jpg,globalherping,286572046,Cyrtandra,Plantae,157063,1,0,2011-01-10 00:09:52+03:00,2011-01-10,2011-01-09 21:09:52 UTC,Asia/Kuching,130,130,,,false,,,8238319,"",2025-06-03 16:16:07 UTC,2025-08-25 19:59:43 UTC,needs_id,CC-BY-NC,,3,false
Cyrtandra burbidgei,2025-05-21 16:06:49 +0800,,"2G6Q+7R, Kinabalu Park, 89300 Kundasang, Sabah, Malaysia",6.0099619,116.5382081,"",,https://www.inaturalist.org/observations/287325722,https://inaturalist-open-data.s3.amazonaws.com/photos/516621552/medium.jpg,kaseykp,287325722,Cyrtandra burbidgei,Plantae,1238994,0,0,2025-05-21 16:06:49,2025-05-21,2025-05-21 08:06:49 UTC,Asia/Kuching,,,,,false,gps,gps,295198,Kasey P.,2025-06-06 15:34:40 UTC,2025-06-06 15:35:04 UTC,needs_id,,,2,false
Cyrtandra,2025-05-17 14:59:00 +0800,,"Sabah, MY",6.1430929614,116.6993490632,"",,https://www.inaturalist.org/observations/288630189,https://inaturalist-open-data.s3.amazonaws.com/photos/519075261/medium.jpg,teresap,288630189,Cyrtandra,Plantae,157063,1,0,2025/05/17 2:59 PM,2025-05-17,2025-05-17 06:59:00 UTC,Asia/Kuching,,31362,obscured,,true,,,479865,"",2025-06-11 01:58:26 UTC,2025-06-12 11:13:53 UTC,needs_id,CC-BY-NC,,,false
Cyrtandra,2025-06-03 17:26:27 +0800,,"Jalan Power Station, Ranau, Sabah, MY",6.0268666667,116.5482333333,"",,https://www.inaturalist.org/observations/289265745,https://inaturalist-open-data.s3.amazonaws.com/photos/520267647/medium.jpg,oak123,289265745,,Plantae,157063,0,0,2025-06-03 17:26:27,2025-06-03,2025-06-03 09:26:27 UTC,Asia/Kuching,4,4,,,false,,,2180511,黃美滿,2025-06-13 14:25:57 UTC,2025-06-13 14:25:59 UTC,needs_id,CC-BY,,843,false
Cyrtandra,2025-06-03 17:11:12 +0800,,"Jalan Power Station, Kota Belud, Sabah, MY",6.0273195,116.5477133333,"",,https://www.inaturalist.org/observations/289272937,https://inaturalist-open-data.s3.amazonaws.com/photos/520281214/medium.jpg,oak123,289272937,,Plantae,157063,0,0,2025-06-03 17:11:12,2025-06-03,2025-06-03 09:11:12 UTC,Asia/Kuching,4,4,,,false,,,2180511,黃美滿,2025-06-13 14:57:48 UTC,2025-06-13 22:47:05 UTC,needs_id,CC-BY,,843,false
Cyrtandra,2025-05-19 16:20:21 +0800,,"Lembah Danum, Jalan Sandakan-Lahad Datu, Kota Kinabatangan, 90200, Kota Kinabatangan, Sabah, Lahad Datu, Sabah, Malaysia",4.9628294,117.8063982,"",,https://www.inaturalist.org/observations/290403447,https://inaturalist-open-data.s3.amazonaws.com/photos/522415984/medium.jpg,pseudomonasry,290403447,gesneria family,Plantae,157063,3,0,2025-05-19 16:20:21,2025-05-19,2025-05-19 08:20:21 UTC,Asia/Kuching,,,,,false,gps,gps,1810128,Muhammad Nasry,2025-06-17 14:15:39 UTC,2025-09-21 11:58:08 UTC,needs_id,CC-BY-NC,,2,false
Cyrtandra wallichii,2025-06-21 15:45:39 +0800,,"123, jalan lama lake view, Habu, 39000 Ringlet, Pahang, Malaysia",4.4396601,101.3872585,"",,https://www.inaturalist.org/observations/291462381,https://static.inaturalist.org/photos/524408698/medium.jpg,larsmannzen,291462381,Cyrtandra wallichii,Plantae,924032,0,0,2025-06-21 15:45:39,2025-06-21,2025-06-21 07:45:39 UTC,Kuala Lumpur,,,,,false,,,5299628,Lars Mannzen,2025-06-21 13:19:39 UTC,2025-06-21 13:54:22 UTC,needs_id,,,2,false
Cyrtandra cupulata,2025-06-28 08:30:38 +0800,"Accepted by Kew,Researchgate key used,floral bracts forming a wide white cup","Stesen Janakuasa Woh Tnb, Jalan Tapah Batu 7, Perak, 35000 Tapah, Perak, Malaysia",4.2390722,101.3269745,"",,https://www.inaturalist.org/observations/293389896,https://static.inaturalist.org/photos/528061659/medium.jpg,larsmannzen,293389896,Cyrtandra cupulata,Plantae,1632180,1,0,2025-06-28 08:30:38,2025-06-28,2025-06-28 00:30:38 UTC,Kuala Lumpur,,,,,false,,,5299628,Lars Mannzen,2025-06-28 14:09:27 UTC,2025-06-30 15:13:02 UTC,research,,,2,false
Cyrtandra lanata,2025-05-20 16:55:00 +0800,,"Kinabalu Park, Ranau, Sabah, Malaysia",6.0282,116.5474,"",,https://www.inaturalist.org/observations/296187985,https://inaturalist-open-data.s3.amazonaws.com/photos/533296513/medium.jpg,remco,296187985,Cyrtandra lanata,Plantae,1527488,1,0,2025/05/20 4:55 PM,2025-05-20,2025-05-20 08:55:00 UTC,Asia/Kuching,,,,,false,,,603063,Remco Hofland,2025-07-08 06:31:54 UTC,2025-09-15 14:35:53 UTC,research,CC-BY-NC,,,false
Cyrtandra cupulata,2023-11-17 10:31:00 +0800,,"Bukit Apek, Selangor, Malaysia",3.0857979157,101.7734534278,"",,https://www.inaturalist.org/observations/296533927,https://inaturalist-open-data.s3.amazonaws.com/photos/533922204/medium.jpg,kgigs,296533927,Cyrtandra cupulata,Plantae,1632180,0,0,2023/11/17 10:31 AM,2023-11-17,2023-11-17 02:31:00 UTC,Kuala Lumpur,1004,1004,,,false,,,2625174,,2025-07-09 16:07:46 UTC,2025-07-11 12:58:12 UTC,needs_id,CC-BY-NC,,,false
Cyrtandra clarkei,2025-06-28 07:11:00 +0800,,"Sabah, MY",6.3705571131,116.7275992762,"",,https://www.inaturalist.org/observations/299663662,https://inaturalist-open-data.s3.amazonaws.com/photos/539875506/medium.jpg,fffoliage,299663662,Cyrtandra clarkei,Plantae,708339,2,0,2025/06/28 7:11 AM,2025-06-28,2025-06-27 23:11:00 UTC,Asia/Kuching,4,31356,obscured,,true,,,33599,,2025-07-20 22:15:20 UTC,2025-07-23 10:53:17 UTC,needs_id,CC-BY-NC,,,false
Cyrtandra,2025-06-30 11:35:00 +0800,,"Sabah, MY",6.1910940154,116.53939512,"",,https://www.inaturalist.org/observations/299681673,https://inaturalist-open-data.s3.amazonaws.com/photos/539897295/medium.jpg,fffoliage,299681673,Cyrtandra,Plantae,157063,1,0,2025/06/30 11:35 AM,2025-06-30,2025-06-30 03:35:00 UTC,Asia/Kuching,500,31362,obscured,,true,,,33599,,2025-07-20 23:31:25 UTC,2025-07-21 19:46:36 UTC,needs_id,CC-BY-NC,,,false
Cyrtandra,2025-07-26 09:17:00 +0800,"","Bukit Larut, Perak, 34000 Taiping, Perak, Malaysia",4.8636055,100.7983072,"",,https://www.inaturalist.org/observations/303946374,https://inaturalist-open-data.s3.amazonaws.com/photos/547883274/medium.jpg,lunarjade,303946374,Cyrtandra,Plantae,157063,2,0,2025/07/26 9:17 AM,2025-07-26,2025-07-26 01:17:00 UTC,Kuala Lumpur,176,176,,,false,,,3772847,"",2025-08-05 10:52:37 UTC,2025-08-17 20:26:46 UTC,needs_id,CC-BY-NC,,,false
Cyrtandra,2025-08-20 14:50:36 +0800,,"Tawau, Sabah, MY",4.4024966667,117.88907,"",,https://www.inaturalist.org/observations/308928212,https://inaturalist-open-data.s3.amazonaws.com/photos/557408935/medium.jpg,daniel68803,308928212,gesneria family,Plantae,157063,3,0,2025-08-20 14:50:36,2025-08-20,2025-08-20 06:50:36 UTC,Asia/Kuching,19,19,,,false,,,9672247,Daniel Livadas,2025-08-25 04:50:32 UTC,2025-09-21 11:52:51 UTC,needs_id,CC-BY-NC,,843,false
Cyrtandra,2024-08-03 13:25:00 +0800,"","Marudi, MY-SK, MY",3.5022341813,115.0722266936,"",,https://www.inaturalist.org/observations/310420759,https://inaturalist-open-data.s3.amazonaws.com/photos/560254461/medium.jpg,holis,310420759,漿果苣苔屬,Plantae,157063,1,0,2024/08/03 13:25,2024-08-03,2024-08-03 05:25:00 UTC,Asia/Kuching,1304,31422,obscured,,true,,,920548,Holis Lam,2025-08-31 08:18:37 UTC,2025-08-31 12:56:05 UTC,needs_id,CC-BY-NC-ND,,,false
Cyrtandra lanata,2025-09-10 08:55:19 +0800,,"Kinabalu Park, Ranau, Sabah, Malaysia",6.028975,116.5470777778,"",,https://www.inaturalist.org/observations/312837289,https://inaturalist-open-data.s3.amazonaws.com/photos/564876702/medium.jpg,sauviejane,312837289,Cyrtandra lanata,Plantae,1527488,1,0,2025-09-10 08:55:19,2025-09-10,2025-09-10 00:55:19 UTC,Asia/Kuching,,,,,false,,,1652740,Jane Hartline,2025-09-10 04:18:04 UTC,2025-09-14 02:08:03 UTC,research,CC-BY-NC,,2,false
Cyrtandra clarkei,2025-07-01 13:02:00 +0800,,"Sabah, MY",6.0999621804,116.5068414672,"",,https://www.inaturalist.org/observations/313634055,https://inaturalist-open-data.s3.amazonaws.com/photos/566395602/medium.jpg,fffoliage,313634055,Cyrtandra clarkei,Plantae,708339,2,0,2025/07/01 1:02 PM,2025-07-01,2025-07-01 05:02:00 UTC,Asia/Kuching,13,31362,obscured,,true,,,33599,,2025-09-13 18:38:12 UTC,2025-09-14 14:41:21 UTC,research,CC-BY-NC,,,false
Cyrtandra,2025-09-18 11:06:30 +0800,"","Kinabalu Park, Kota Belud, 沙巴, MY",6.0418971667,116.5527883333,"",,https://www.inaturalist.org/observations/315149652,https://inaturalist-open-data.s3.amazonaws.com/photos/569289873/medium.jpg,jamg0121,315149652,漿果苣苔屬,Plantae,157063,1,0,2025-09-18 11:06:30+08:00,2025-09-18,2025-09-18 03:06:30 UTC,Asia/Kuching,24,24,,,false,,,8577641,,2025-09-20 02:36:41 UTC,2025-09-22 10:02:10 UTC,needs_id,CC-BY-NC,,3,false
Cyrtandra,2025-03-17 13:39:00 +0800,,"Tawau, Sabah, Malaysia",4.4001972222,117.8892277778,"",,https://www.inaturalist.org/observations/315387876,https://inaturalist-open-data.s3.amazonaws.com/photos/569733959/medium.jpg,bryosoph,315387876,Cyrtandra,Plantae,157063,1,0,2025/03/17 1:39 PM,2025-03-17,2025-03-17 05:39:00 UTC,Asia/Kuching,15,15,,,false,,,5958264,Sophia BenJeddi,2025-09-20 23:53:27 UTC,2025-09-22 13:06:00 UTC,needs_id,CC-BY-NC,,,false
Cyrtandra,2025-09-25 06:37:42 +0800,,"Lahad Datu District, Sabah, Malasia",4.9627895,117.8025228,"",,https://www.inaturalist.org/observations/317001460,https://inaturalist-open-data.s3.amazonaws.com/photos/573150143/medium.jpg,dawicho,317001460,Cyrtandra,Plantae,157063,1,0,2025-09-25 06:37:42,2025-09-25,2025-09-24 22:37:42 UTC,Asia/Kuching,,,,,false,,,1428321,David Torres,2025-09-27 16:05:28 UTC,2025-10-08 21:23:47 UTC,needs_id,CC-BY-NC,,2,false
